ID,age,gender,pastvote_EURef,Vote2015R,social_grade,govregion,W8,starttime,endtime,disposition,Q1,Q2
40,35,2,1,7,1,8,.287938070724086,7/20/2016,7/20/2016,1,1,1
85,33,2,1,6,1,8,.465451329990062,7/20/2016,7/20/2016,1,1,1
93,63,1,2,6,2,8,.690493548069674,7/20/2016,7/20/2016,1,5,1
171,47,2,2,6,2,8,.612452381047136,7/20/2016,7/20/2016,1,5,1
227,64,1,1,7,1,8,.326861581851317,7/20/2016,7/20/2016,1,4,1
246,49,2,3,7,2,8,.575999582552553,7/20/2016,7/20/2016,1,3,3
266,37,2,3,7,2,8,1.18500057102879,7/20/2016,7/20/2016,1,3,3
302,42,2,1,6,1,8,.490423072144788,7/20/2016,7/20/2016,1,1,1
311,65,1,1,6,1,8,.45334321770273,7/20/2016,7/20/2016,1,1,1
312,53,1,1,6,1,8,.491058085385843,7/20/2016,7/20/2016,1,1,1
315,45,1,1,6,1,8,.597937787910923,7/20/2016,7/20/2016,1,2,1
333,68,2,1,7,1,8,.360505873138582,7/20/2016,7/20/2016,1,2,2
362,64,2,1,6,2,8,.407804936031693,7/20/2016,7/20/2016,1,2,1
375,79,1,1,6,1,8,.430259536320129,7/20/2016,7/20/2016,1,5,1
381,60,2,1,7,1,8,.612521725776437,7/20/2016,7/20/2016,1,1,1
389,51,2,2,7,1,8,.375707640811461,7/20/2016,7/20/2016,1,3,1
407,52,2,2,6,2,8,.709561711145641,7/20/2016,7/20/2016,1,5,1
449,35,2,3,7,2,8,.872024678782021,7/20/2016,7/20/2016,1,3,3
450,45,2,2,6,1,8,.874526927365728,7/20/2016,7/20/2016,1,3,2
470,76,2,1,6,2,8,.474401249077569,7/20/2016,7/20/2016,1,3,1
522,35,1,2,1,1,8,.611016808143128,7/20/2016,7/20/2016,1,4,1
555,62,1,1,6,1,8,.491058085385843,7/20/2016,7/20/2016,1,3,1
571,45,1,2,6,2,8,.802666419038223,7/20/2016,7/20/2016,1,5,1
597,36,2,1,6,2,8,.445593127042169,7/20/2016,7/20/2016,1,2,1
633,60,2,2,6,2,8,.736026194814938,7/20/2016,7/20/2016,1,1,1
706,45,2,2,4,2,8,.590431104969428,7/20/2016,7/20/2016,1,5,1
707,77,1,1,7,2,8,.254811795225744,7/20/2016,7/20/2016,1,3,1
711,55,2,1,6,1,8,.410662618144566,7/20/2016,7/20/2016,1,1,1
714,35,2,1,7,2,8,.24889820120177,7/20/2016,7/20/2016,1,3,1
716,64,1,1,6,1,8,.768777216058918,7/20/2016,7/20/2016,1,1,1
789,33,1,1,6,1,8,.653515235688936,7/20/2016,7/20/2016,1,1,1
797,40,1,1,1,1,8,.444548668012881,7/20/2016,7/20/2016,1,2,1
798,26,2,2,7,1,8,.410521618869773,7/20/2016,7/20/2016,1,1,1
805,42,1,1,6,1,8,.461128974954528,7/20/2016,7/20/2016,1,1,1
829,67,1,1,1,1,8,.470251534474938,7/20/2016,7/20/2016,1,1,1
834,34,1,2,6,2,8,.816125881675697,7/20/2016,7/20/2016,1,3,1
862,30,2,1,6,1,8,.508714354185454,7/20/2016,7/20/2016,1,1,1
867,47,1,3,7,2,8,1.35868573627429,7/20/2016,7/20/2016,1,3,3
870,47,2,1,6,2,8,.38787683623127,7/20/2016,7/20/2016,1,3,3
887,38,2,3,7,2,8,.835699984742643,7/20/2016,7/20/2016,1,3,5
888,48,1,4,6,1,8,1.43198756253479,7/20/2016,7/20/2016,1,2,1
900,60,1,2,6,1,8,1.05992812404457,7/20/2016,7/20/2016,1,5,1
930,49,2,2,6,1,8,.699210330199397,7/20/2016,7/20/2016,1,1,1
949,37,2,1,6,1,8,.508714354185454,7/20/2016,7/20/2016,1,3,1
1008,33,2,1,6,2,8,.885833376589102,7/20/2016,7/20/2016,1,1,1
1031,22,1,2,1,1,8,.868089378412124,7/20/2016,7/20/2016,1,3,1
1055,24,1,3,7,1,8,1.60600939361595,7/20/2016,7/20/2016,1,3,1
1064,23,2,3,7,1,8,.805534099617221,7/20/2016,7/20/2016,1,1,1
1071,54,1,3,7,1,8,1.04532398591798,7/20/2016,7/20/2016,1,1,1
1080,78,2,2,6,1,8,.681107182010406,7/20/2016,7/20/2016,1,4,1
1216,59,2,1,6,1,8,.607832445132967,7/20/2016,7/20/2016,1,4,2
1274,35,1,1,6,1,8,.653515235688936,7/20/2016,7/20/2016,1,1,1
1295,61,1,1,6,1,8,1.20728612550181,7/20/2016,7/20/2016,1,4,1
1365,39,1,2,6,2,8,.606764919302639,7/20/2016,7/20/2016,1,5,1
1373,45,2,1,7,2,8,.528328321548874,7/20/2016,7/20/2016,1,3,1
1410,45,2,2,7,1,8,.874526927365728,7/20/2016,7/20/2016,1,2,3
1416,28,1,1,7,2,8,.371981620580153,7/20/2016,7/20/2016,1,4,1
1476,60,1,2,6,1,8,.674942397840319,7/20/2016,7/20/2016,1,4,1
1624,23,1,1,5,2,8,.819488397598501,7/20/2016,7/20/2016,1,2,1
1626,37,1,3,7,2,8,.897454436733577,7/20/2016,7/20/2016,1,3,1
1627,31,2,1,6,1,8,.459338081031498,7/20/2016,7/20/2016,1,2,1
1636,38,2,4,7,1,8,.680519402555688,7/20/2016,7/20/2016,1,3,3
50,42,2,1,6,1,5,.811451117382761,7/19/2016,7/19/2016,1,1,1
52,57,2,1,6,1,5,.898912902555777,7/19/2016,7/19/2016,1,2,1
58,49,1,2,4,2,5,.820430994660432,7/19/2016,7/19/2016,1,5,1
68,41,1,1,2,1,5,.8908855311637,7/19/2016,7/19/2016,1,1,1
110,68,2,2,6,2,5,1.30590743260397,7/19/2016,7/19/2016,1,3,2
119,42,1,1,2,1,5,.8908855311637,7/19/2016,7/19/2016,1,3,1
123,54,1,1,6,1,5,.867486604183505,7/19/2016,7/19/2016,1,1,1
127,43,2,3,6,2,5,1.79352203816159,7/19/2016,7/19/2016,1,3,5
157,49,1,2,6,1,5,1.28938466613737,7/19/2016,7/19/2016,1,5,1
168,43,1,1,7,1,5,.538319204288178,7/19/2016,7/19/2016,1,3,1
170,33,1,2,2,1,5,.959214378900693,7/19/2016,7/19/2016,1,4,1
181,70,1,2,1,1,5,1.27404928345113,7/20/2016,7/20/2016,1,4,1
223,59,2,1,2,2,5,.643081199974581,7/19/2016,7/19/2016,1,3,1
251,64,1,1,2,1,5,.669420572528824,7/19/2016,7/19/2016,1,5,1
258,64,1,1,6,2,5,1.00614021293767,7/19/2016,7/19/2016,1,3,1
267,59,1,2,6,2,5,1.49888315143328,7/19/2016,7/19/2016,1,5,1
269,64,1,1,6,2,5,1.13119384276436,7/19/2016,7/19/2016,1,3,2
271,66,1,2,6,2,5,1.09309569541033,7/19/2016,7/19/2016,1,4,2
279,60,1,2,6,2,5,1.81593082120333,7/19/2016,7/19/2016,1,4,1
284,68,1,1,2,1,5,.618006882237092,7/19/2016,7/19/2016,1,3,2
298,35,2,3,1,2,5,1.73579850921157,7/19/2016,7/19/2016,1,3,3
299,68,2,2,1,1,5,1.00538830795915,7/19/2016,7/19/2016,1,2,1
330,49,2,1,1,1,5,.653653699826835,7/19/2016,7/19/2016,1,4,2
365,39,1,1,2,2,5,.852876432163881,7/19/2016,7/19/2016,1,2,1
374,70,1,3,3,1,5,1.34304709122531,7/19/2016,7/19/2016,1,3,1
379,59,1,2,6,2,5,1.81593082120333,7/19/2016,7/19/2016,1,3,1
391,41,1,1,6,2,5,.852346627734351,7/19/2016,7/19/2016,1,1,1
398,60,1,1,2,1,5,1.10765720960741,7/19/2016,7/19/2016,1,2,1
411,72,1,1,3,1,5,.612925530449306,7/19/2016,7/19/2016,1,3,1
414,48,2,1,6,1,5,.811451117382761,7/19/2016,7/19/2016,1,1,1
429,44,2,1,2,2,5,.758868801817885,7/19/2016,7/19/2016,1,1,1
432,38,1,1,6,2,5,1.14644423387642,7/19/2016,7/19/2016,1,1,1
435,64,1,1,6,1,5,.899841203803434,7/19/2016,7/19/2016,1,1,1
436,61,2,1,2,1,5,.707779897377645,7/19/2016,7/19/2016,1,1,2
443,42,2,2,6,2,5,1.06772746563006,7/19/2016,7/19/2016,1,2,2
445,44,1,1,6,2,5,1.14644423387642,7/19/2016,7/19/2016,1,2,1
454,33,1,1,5,1,5,1.09618326518028,7/19/2016,7/19/2016,1,2,1
471,42,2,1,2,1,5,.603664367981288,7/19/2016,7/19/2016,1,3,1
487,49,1,3,1,1,5,2.03776696731725,7/19/2016,7/19/2016,1,4,5
488,30,1,1,5,1,5,.638665924527947,7/19/2016,7/19/2016,1,1,1
496,35,1,2,6,1,5,1.67920458706081,7/19/2016,7/19/2016,1,3,1
508,58,1,1,6,1,5,.899841203803434,7/19/2016,7/19/2016,1,3,1
511,82,2,2,1,2,5,.927886678553948,7/19/2016,7/19/2016,1,5,1
521,56,2,1,2,1,5,.611858611533847,7/19/2016,7/19/2016,1,1,1
526,38,1,1,7,1,5,.638665924527947,7/19/2016,7/19/2016,1,2,1
535,59,1,2,4,2,5,.76503352741884,7/19/2016,7/19/2016,1,3,1
540,32,2,1,6,2,5,1.12973103604204,7/19/2016,7/19/2016,1,2,1
553,52,2,2,1,2,5,.797630209296692,7/19/2016,7/19/2016,1,5,1
558,35,2,1,6,1,5,.54336509567596,7/19/2016,7/19/2016,1,1,1
567,63,2,1,1,2,5,.637115658346439,7/19/2016,7/19/2016,1,3,1
586,59,2,2,6,1,5,1.23552477386433,7/19/2016,7/19/2016,1,4,1
588,69,1,2,6,1,5,1.1418103519963,7/19/2016,7/19/2016,1,4,1
594,42,2,1,6,2,5,.860336029698891,7/19/2016,7/19/2016,1,1,1
598,50,1,1,6,1,5,.983480135016693,7/19/2016,7/19/2016,1,1,2
629,28,2,1,2,1,5,.603664367981288,7/19/2016,7/19/2016,1,2,1
632,33,1,1,1,1,5,.717195243142505,7/19/2016,7/19/2016,1,2,1
649,59,2,2,6,2,5,1.42109430278878,7/19/2016,7/19/2016,1,4,1
653,57,2,4,6,1,5,2.08472403408603,7/19/2016,7/19/2016,1,3,3
661,56,2,3,6,2,5,2.62071461192629,7/19/2016,7/19/2016,1,3,5
662,65,2,1,7,1,5,.578494290980016,7/19/2016,7/19/2016,1,1,1
686,62,1,1,6,1,5,.899841203803434,7/19/2016,7/19/2016,1,4,1
695,67,2,2,6,1,5,1.49089789740011,7/19/2016,7/19/2016,1,4,2
700,45,1,1,6,1,5,.858319423786664,7/19/2016,7/19/2016,1,4,1
705,55,2,1,7,2,5,.571975164685541,7/19/2016,7/19/2016,1,3,1
710,71,2,1,3,1,5,.694968792789126,7/19/2016,7/19/2016,1,3,1
715,51,1,2,6,2,5,1.49888315143328,7/19/2016,7/19/2016,1,1,2
733,25,2,1,6,1,5,1.22848248751717,7/19/2016,7/19/2016,1,3,2
742,53,2,1,3,2,5,.746675767596847,7/19/2016,7/19/2016,1,2,1
749,32,1,1,2,2,5,.852876432163881,7/19/2016,7/20/2016,1,3,3
750,58,2,1,6,2,5,.996749338045939,7/19/2016,7/19/2016,1,5,1
758,38,1,1,6,2,5,1.11923993134901,7/19/2016,7/19/2016,1,3,2
763,51,1,1,1,2,5,.803747395380368,7/19/2016,7/19/2016,1,3,2
764,54,2,1,6,2,5,1.03392504266014,7/19/2016,7/19/2016,1,4,1
780,49,1,1,6,2,5,1.10522280056479,7/19/2016,7/19/2016,1,2,1
781,55,1,1,6,2,5,.861450016380281,7/19/2016,7/19/2016,1,2,1
788,50,1,2,6,2,5,1.79254693032362,7/19/2016,7/19/2016,1,3,1
802,60,1,1,6,1,5,1.4843288588796,7/19/2016,7/19/2016,1,1,1
816,31,1,1,2,1,5,.8908855311637,7/19/2016,7/19/2016,1,1,1
818,67,2,1,6,1,5,1.04570927447347,7/19/2016,7/19/2016,1,1,1
832,22,1,2,1,1,5,1.28139437429357,7/20/2016,7/20/2016,1,2,4
855,36,1,1,3,1,5,.838570707471528,7/19/2016,7/19/2016,1,1,1
861,52,2,1,6,1,5,.898912902555777,7/19/2016,7/19/2016,1,1,1
864,33,2,2,2,2,5,1.04303898864169,7/19/2016,7/19/2016,1,3,3
872,116,2,2,6,2,5,1.30590743260397,7/19/2016,7/19/2016,1,2,1
876,31,2,1,6,1,5,.982208344720114,7/19/2016,7/19/2016,1,3,1
880,76,1,1,2,2,5,.591639987784517,7/19/2016,7/19/2016,1,2,1
903,49,1,2,6,2,5,2.43374138422065,7/19/2016,7/19/2016,1,3,1
905,34,1,1,5,1,5,.72406334190774,7/19/2016,7/19/2016,1,3,1
912,48,2,3,7,2,5,.958764621686567,7/19/2016,7/19/2016,1,2,4
943,31,1,3,7,2,5,1.44012152574692,7/19/2016,7/19/2016,1,1,5
945,24,2,3,2,2,5,2.13935185293276,7/19/2016,7/19/2016,1,3,5
948,32,2,3,2,2,5,2.93761578571434,7/19/2016,7/19/2016,1,3,3
959,18,2,2,7,1,5,.753389730363981,7/19/2016,7/19/2016,1,3,1
972,18,1,1,7,1,5,1.15786457213241,7/20/2016,7/20/2016,1,1,1
974,35,1,1,5,2,5,.634221633501725,7/19/2016,7/19/2016,1,1,1
976,46,2,1,6,2,5,1.02007832471756,7/19/2016,7/19/2016,1,2,2
979,60,1,2,3,1,5,.946564902741692,7/19/2016,7/19/2016,1,5,1
996,20,2,3,7,1,5,1.91589898005926,7/19/2016,7/19/2016,1,3,3
1010,33,1,1,1,1,5,.964659593069436,7/19/2016,7/19/2016,1,2,1
1023,59,1,1,6,1,5,.751308897844877,7/19/2016,7/19/2016,1,1,1
1048,40,2,1,1,1,5,.598064476526273,7/19/2016,7/19/2016,1,1,2
1056,39,1,2,6,1,5,.676977135199488,7/19/2016,7/19/2016,1,1,1
1060,23,2,2,6,2,5,.721246807569571,7/19/2016,7/19/2016,1,1,3
1081,49,2,1,6,1,5,.490625590360879,7/19/2016,7/19/2016,1,3,1
1083,42,1,2,4,1,5,.895547510402954,7/19/2016,7/19/2016,1,5,1
1085,67,2,1,6,1,5,.578494290980016,7/19/2016,7/19/2016,1,2,1
1124,27,2,1,7,2,5,.429748815257758,7/19/2016,7/19/2016,1,1,1
1133,19,2,3,7,1,5,1.91589898005926,7/19/2016,7/19/2016,1,2,5
1135,34,2,3,7,1,5,1.03640769090031,7/19/2016,7/19/2016,1,2,2
1148,51,2,2,6,1,5,.62537405411138,7/19/2016,7/19/2016,1,5,1
1169,41,2,1,6,1,5,.432760268513672,7/19/2016,7/19/2016,1,1,1
1190,74,2,1,3,1,5,.732254284055166,7/19/2016,7/19/2016,1,1,1
1191,58,1,1,6,2,5,.459425506248933,7/19/2016,7/19/2016,1,1,1
1195,48,1,1,2,1,5,.697881742034206,7/19/2016,7/19/2016,1,1,1
1200,54,2,2,6,1,5,.946774312297926,7/19/2016,7/19/2016,1,3,4
1203,36,2,2,1,1,5,1.24448153827595,7/19/2016,7/19/2016,1,4,2
1205,67,1,1,3,1,5,.612925530449306,7/19/2016,7/19/2016,1,1,1
1210,65,2,1,2,1,5,1.22166981884523,7/19/2016,7/19/2016,1,3,2
1215,43,1,1,6,2,5,.84962844226157,7/19/2016,7/19/2016,1,1,1
1240,25,1,1,2,1,5,.8908855311637,7/19/2016,7/19/2016,1,2,1
1243,24,1,1,2,1,5,.97126459407727,7/19/2016,7/19/2016,1,3,2
1254,36,2,1,5,1,5,.523827915067057,7/19/2016,7/19/2016,1,1,1
1265,19,2,1,3,2,5,.872207572270071,7/19/2016,7/19/2016,1,2,1
1293,43,1,1,6,1,5,.72406334190774,7/19/2016,7/19/2016,1,1,1
1296,66,1,1,2,1,5,.675449723145319,7/19/2016,7/19/2016,1,1,1
1318,69,2,2,1,1,5,1.0988376890017,7/19/2016,7/19/2016,1,3,1
1324,19,2,1,2,1,5,.805620725262675,7/19/2016,7/19/2016,1,3,1
1336,28,1,1,7,1,5,.662486211987535,7/19/2016,7/19/2016,1,2,1
1338,29,1,1,6,1,5,.698028993371718,7/19/2016,7/19/2016,1,1,1
1342,23,2,1,1,1,5,.773733037697462,7/19/2016,7/19/2016,1,3,3
1344,62,2,1,3,2,5,.794859820951605,7/19/2016,7/19/2016,1,3,1
1359,61,2,1,2,1,5,.611858611533847,7/19/2016,7/19/2016,1,3,2
1363,58,2,1,2,1,5,.82860980305984,7/19/2016,7/19/2016,1,2,1
1369,19,2,1,2,1,5,.737107641952581,7/19/2016,7/19/2016,1,1,1
1370,47,2,1,6,2,5,.475944407929077,7/19/2016,7/19/2016,1,2,1
1382,54,1,3,7,1,5,1.3423400982414,7/19/2016,7/19/2016,1,4,1
1437,24,2,1,1,1,5,.815244277797231,7/19/2016,7/19/2016,1,1,1
1455,20,2,1,6,2,5,.689059951023465,7/20/2016,7/20/2016,1,3,1
1468,19,2,1,6,2,5,.524747115530232,7/19/2016,7/19/2016,1,3,1
1488,61,2,2,7,2,5,.786160131860236,7/19/2016,7/19/2016,1,3,2
1508,26,2,1,2,1,5,.730696115810181,7/19/2016,7/19/2016,1,1,1
1554,24,2,1,6,1,5,.879225390733255,7/19/2016,7/19/2016,1,1,1
1569,55,2,1,2,1,5,.611858611533847,7/19/2016,7/19/2016,1,4,1
1581,24,1,1,7,2,5,.879675707409681,7/19/2016,7/19/2016,1,3,3
1590,25,2,4,7,2,5,1.45150523816137,7/19/2016,7/19/2016,1,3,1
1609,23,2,1,7,1,5,.580755878078255,7/19/2016,7/19/2016,1,1,1
1618,30,2,3,7,1,5,1.25450351934658,7/19/2016,7/19/2016,1,3,5
1629,78,2,1,2,2,5,.706824718748424,7/19/2016,7/19/2016,1,3,1
1635,28,2,1,1,1,5,.662353060852497,7/19/2016,7/19/2016,1,2,1
21,52,1,1,2,2,3,1.40051068988632,7/19/2016,7/19/2016,1,2,1
39,83,1,2,7,2,3,.900644273136579,7/19/2016,7/19/2016,1,2,1
53,66,1,2,1,1,3,1.07771489876819,7/19/2016,7/19/2016,1,3,2
75,46,2,1,7,2,3,.713080403890506,7/19/2016,7/19/2016,1,3,1
95,77,1,1,2,1,3,.681467249080197,7/19/2016,7/19/2016,1,1,1
98,74,1,2,1,2,3,1.23958218812554,7/19/2016,7/19/2016,1,5,1
135,70,1,2,7,2,3,1.36351493433094,7/20/2016,7/20/2016,1,5,1
137,66,2,2,1,2,3,1.48091297001125,7/19/2016,7/19/2016,1,2,1
149,68,1,1,6,2,3,.48107124700136,7/19/2016,7/19/2016,1,2,1
158,64,2,2,4,2,3,1.03626024363327,7/19/2016,7/19/2016,1,5,1
169,73,1,2,1,2,3,1.23958218812554,7/19/2016,7/19/2016,1,3,1
186,61,1,1,6,1,3,.982007444867454,7/19/2016,7/19/2016,1,1,1
249,48,1,1,2,2,3,.940454504209032,7/19/2016,7/19/2016,1,2,1
255,37,1,3,7,1,3,1.95266144962113,7/19/2016,7/19/2016,1,3,3
256,63,2,2,2,1,3,1.1127224315727,7/19/2016,7/19/2016,1,3,1
345,69,1,2,4,2,3,.953367938464076,7/19/2016,7/19/2016,1,5,1
353,61,1,1,7,2,3,.521092885614919,7/19/2016,7/19/2016,1,5,1
359,66,1,1,2,1,3,.718028374453465,7/19/2016,7/19/2016,1,1,5
360,52,2,2,2,2,3,.887770696751612,7/19/2016,7/19/2016,1,3,1
364,65,1,2,1,2,3,1.23958218812554,7/19/2016,7/19/2016,1,5,1
377,67,1,1,6,1,3,.909391949074406,7/19/2016,7/19/2016,1,1,1
385,65,1,2,2,2,3,.896691474302414,7/19/2016,7/19/2016,1,3,1
392,66,2,1,1,1,3,.857086266009411,7/19/2016,7/19/2016,1,3,1
406,47,2,1,1,2,3,.851257357941174,7/19/2016,7/19/2016,1,2,2
426,68,2,1,2,1,3,.814140197776498,7/19/2016,7/19/2016,1,1,1
479,54,1,1,6,1,3,.982007444867454,7/19/2016,7/19/2016,1,1,1
493,59,1,1,1,1,3,.777098498429132,7/19/2016,7/19/2016,1,3,1
505,46,2,2,4,2,3,.899870341240151,7/19/2016,7/19/2016,1,5,1
506,67,2,1,6,1,3,.717626896249233,7/19/2016,7/19/2016,1,1,1
562,73,2,2,2,2,3,1.40670878312908,7/19/2016,7/19/2016,1,4,1
564,37,2,1,2,2,3,.637252322592926,7/19/2016,7/19/2016,1,3,1
575,66,2,1,5,1,3,.622733889257219,7/19/2016,7/19/2016,1,2,2
606,26,1,2,1,1,3,1.05680796367222,7/19/2016,7/19/2016,1,5,1
611,59,1,1,6,1,3,.695310756740725,7/19/2016,7/19/2016,1,4,1
612,44,2,2,5,2,3,.647389629911029,7/19/2016,7/19/2016,1,3,1
702,76,1,1,2,2,3,.856675103281313,7/19/2016,7/19/2016,1,2,2
719,37,1,1,6,2,3,.77378200403615,7/19/2016,7/19/2016,1,3,1
721,44,1,2,7,1,3,.767845851129737,7/19/2016,7/19/2016,1,5,1
724,54,2,1,2,1,3,.674687639915371,7/19/2016,7/19/2016,1,2,1
727,44,1,2,2,2,3,.961025579890656,7/19/2016,7/19/2016,1,2,2
736,69,2,2,6,1,3,.855926247709456,7/19/2016,7/19/2016,1,3,1
738,70,1,2,4,2,3,.953367938464076,7/19/2016,7/19/2016,1,4,1
756,64,2,2,1,1,3,.976251997734219,7/19/2016,7/19/2016,1,5,1
762,43,1,1,3,1,3,1.19845362675338,7/19/2016,7/20/2016,1,1,1
787,31,2,2,3,2,3,1.33169035106851,7/19/2016,7/19/2016,1,3,5
801,47,1,1,2,1,3,.982366587844188,7/19/2016,7/19/2016,1,3,2
812,52,2,1,3,2,3,.747856022178101,7/19/2016,7/19/2016,1,1,1
850,52,2,1,2,1,3,.962716382370336,7/19/2016,7/19/2016,1,1,1
884,65,1,2,1,1,3,.986061881003829,7/19/2016,7/19/2016,1,1,1
891,68,1,2,6,1,3,.755402860747078,7/19/2016,7/19/2016,1,5,1
896,22,2,1,2,2,3,.750142377109621,7/19/2016,7/19/2016,1,3,1
916,51,2,2,4,2,3,1.19472649484385,7/19/2016,7/19/2016,1,3,2
926,40,1,1,6,2,3,.74047064341745,7/19/2016,7/19/2016,1,3,2
938,31,2,1,1,1,3,.765900359281667,7/19/2016,7/19/2016,1,1,1
942,41,2,1,5,2,3,.969010059417036,7/19/2016,7/19/2016,1,3,1
967,50,1,1,2,2,3,.706667209896845,7/19/2016,7/19/2016,1,2,4
1025,26,1,2,7,1,3,.740237263105407,7/19/2016,7/19/2016,1,4,1
1053,23,1,1,7,1,3,.867463479420609,7/20/2016,7/20/2016,1,1,1
1101,20,2,1,5,2,3,.901066219471777,7/19/2016,7/19/2016,1,3,1
1105,19,1,3,7,2,3,2.6558432891258,7/19/2016,7/19/2016,1,2,4
1127,69,2,1,7,2,3,.596165319873898,7/19/2016,7/19/2016,1,2,1
1128,67,2,2,6,1,3,.855926247709456,7/19/2016,7/19/2016,1,4,1
1136,50,1,1,2,1,3,1.22139758188878,7/19/2016,7/19/2016,1,1,1
1154,24,2,1,2,1,3,.830208651002882,7/19/2016,7/19/2016,1,1,1
1177,23,1,1,5,1,3,.789749643513277,7/19/2016,7/19/2016,1,1,1
1178,61,2,1,2,2,3,.817656347193697,7/19/2016,7/19/2016,1,3,1
1209,22,1,2,6,1,3,1.08548364022468,7/19/2016,7/19/2016,1,4,3
1217,64,2,2,1,1,3,1.06699320111563,7/19/2016,7/19/2016,1,4,1
1222,27,1,1,5,1,3,.751409852498766,7/19/2016,7/19/2016,1,2,1
1253,43,1,2,7,2,3,1.00868596654921,7/19/2016,7/19/2016,1,1,1
1262,42,2,1,6,1,3,.616299447455569,7/19/2016,7/19/2016,1,2,1
1313,51,2,4,4,1,3,1.32889317854406,7/19/2016,7/19/2016,1,3,3
1348,43,2,2,2,2,3,.846374238541747,7/19/2016,7/19/2016,1,5,1
1362,30,2,1,1,1,3,.748188448233315,7/19/2016,7/19/2016,1,2,1
1378,61,1,2,1,1,3,1.12539901729785,7/19/2016,7/19/2016,1,4,1
1406,56,1,1,7,2,3,.709782343031791,7/19/2016,7/19/2016,1,4,1
1456,20,2,1,1,1,3,.901580576125531,7/19/2016,7/19/2016,1,3,1
1483,32,1,2,4,2,3,1.06773438656044,7/19/2016,7/19/2016,1,4,2
1503,60,2,1,2,1,3,.737398874816373,7/19/2016,7/19/2016,1,2,1
1509,53,2,2,4,2,3,.76077947825013,7/19/2016,7/19/2016,1,3,1
1520,49,2,1,2,2,3,.615784272003225,7/19/2016,7/19/2016,1,3,2
1536,58,2,1,2,2,3,.848152430490621,7/19/2016,7/19/2016,1,2,2
1556,20,1,2,7,1,3,1.08548364022468,7/19/2016,7/19/2016,1,3,2
1579,26,2,1,7,2,3,.487432776775175,7/19/2016,7/19/2016,1,1,1
1,70,2,2,1,1,2,1.0122219691877,7/19/2016,7/19/2016,1,4,1
6,72,1,1,1,1,2,.673732382598686,7/19/2016,7/19/2016,1,2,1
8,49,1,2,1,1,2,.908057722897384,7/19/2016,7/19/2016,1,4,1
22,52,2,2,1,2,2,1.15771324056554,7/19/2016,7/19/2016,1,2,1
25,81,2,2,1,2,2,.969036123542202,7/19/2016,7/19/2016,1,3,1
28,72,2,2,7,2,2,.762004108207305,7/19/2016,7/19/2016,1,4,1
32,73,1,2,4,1,2,.799279171506493,7/19/2016,7/19/2016,1,5,1
35,36,1,1,1,1,2,.971216419728071,7/19/2016,7/19/2016,1,2,1
43,41,1,1,1,1,2,.971216419728071,7/19/2016,7/19/2016,1,1,1
49,33,2,3,7,2,2,1.32793173776119,7/19/2016,7/19/2016,1,4,3
51,68,2,1,1,2,2,.705027606828358,7/19/2016,7/19/2016,1,2,1
55,53,1,1,3,1,2,.907100572205543,7/19/2016,7/19/2016,1,1,1
57,62,2,1,1,1,2,.643046070595156,7/19/2016,7/19/2016,1,1,1
61,70,2,2,1,1,2,1.53243607161204,7/19/2016,7/19/2016,1,1,1
69,63,2,1,3,2,2,.953627800320276,7/19/2016,7/19/2016,1,1,1
72,73,1,2,2,2,2,.811888648457498,7/19/2016,7/19/2016,1,2,1
73,72,1,2,7,1,2,1.10241526680441,7/19/2016,7/19/2016,1,4,1
84,73,2,1,1,1,2,.736447708375255,7/19/2016,7/19/2016,1,3,2
90,38,2,1,1,1,2,.658096608014689,7/19/2016,7/19/2016,1,3,1
92,66,2,1,1,2,2,.925791250401547,7/19/2016,7/19/2016,1,3,1
105,53,1,2,2,1,2,1.00400926679664,7/19/2016,7/19/2016,1,4,1
106,65,1,2,1,1,2,1.28270904319039,7/20/2016,7/20/2016,1,4,1
107,68,2,1,1,1,2,.736447708375255,7/19/2016,7/19/2016,1,3,3
112,62,2,1,7,1,2,.524520580530137,7/19/2016,7/19/2016,1,2,1
113,65,1,2,4,2,2,.73766572558614,7/19/2016,7/19/2016,1,5,1
128,54,1,3,7,2,2,2.05206059224504,7/19/2016,7/19/2016,1,3,1
129,40,2,2,1,1,2,1.00176311434867,7/19/2016,7/19/2016,1,4,1
132,75,2,1,1,1,2,.736447708375255,7/19/2016,7/19/2016,1,3,1
138,49,1,2,4,1,2,.936246310648799,7/19/2016,7/19/2016,1,4,1
143,76,2,1,1,2,2,1.40158576881774,7/19/2016,7/19/2016,1,3,2
145,43,2,1,2,1,2,.729527898469254,7/19/2016,7/19/2016,1,4,1
146,47,1,2,4,2,2,1.12531041796063,7/19/2016,7/19/2016,1,4,1
148,33,1,1,3,1,2,.897514770484359,7/19/2016,7/19/2016,1,1,1
151,54,2,1,1,1,2,.903325307380578,7/19/2016,7/19/2016,1,2,1
156,65,2,2,4,2,2,.914148841767774,7/19/2016,7/19/2016,1,3,1
161,59,1,2,1,2,2,2.04001556133483,7/20/2016,7/20/2016,1,1,2
164,71,1,1,2,2,2,.569455152503909,7/19/2016,7/19/2016,1,2,1
173,73,1,2,1,1,2,.892725966740016,7/19/2016,7/19/2016,1,1,1
174,75,2,1,2,2,2,.705694666356504,7/19/2016,7/19/2016,1,2,1
177,37,2,2,1,1,2,.799725501434281,7/19/2016,7/19/2016,1,2,2
178,77,2,2,1,2,2,1.27246813572906,7/19/2016,7/19/2016,1,3,1
179,67,2,1,4,2,2,.873353406248386,7/19/2016,7/19/2016,1,3,3
183,68,2,2,1,1,2,1.10630652910294,7/19/2016,7/19/2016,1,5,1
185,69,1,2,1,2,2,1.06510569354732,7/19/2016,7/19/2016,1,4,1
193,45,1,1,1,2,2,.632475665144977,7/19/2016,7/19/2016,1,4,2
194,41,2,1,2,1,2,.703297066888334,7/19/2016,7/19/2016,1,1,1
197,69,1,1,2,1,2,.594833362583606,7/19/2016,7/19/2016,1,1,1
200,40,1,1,1,1,2,.722070045532351,7/19/2016,7/19/2016,1,1,1
201,68,2,1,3,1,2,.915385841090863,7/19/2016,7/19/2016,1,3,1
205,78,2,1,2,1,2,.805661004761624,7/19/2016,7/19/2016,1,1,1
208,84,2,2,4,1,2,.954888593174862,7/19/2016,7/19/2016,1,5,1
209,30,1,2,5,1,2,.893231770060126,7/19/2016,7/19/2016,1,1,1
210,76,1,1,2,2,2,.77565674672143,7/19/2016,7/19/2016,1,2,1
214,33,1,1,3,1,2,1.20719740063476,7/19/2016,7/19/2016,1,3,3
215,73,1,2,4,1,2,1.21005497903554,7/19/2016,7/19/2016,1,2,1
218,65,2,2,4,1,2,1.00611893714178,7/19/2016,7/19/2016,1,5,1
220,46,2,1,2,1,2,.667486041653114,7/19/2016,7/19/2016,1,1,1
224,46,1,2,4,1,2,1.2140140358439,7/19/2016,7/19/2016,1,5,1
225,42,1,1,7,1,2,.698769025214144,7/19/2016,7/19/2016,1,1,1
231,44,1,1,2,1,2,.637510329469718,7/19/2016,7/19/2016,1,1,1
235,65,1,2,3,2,2,2.00429475018813,7/19/2016,7/19/2016,1,5,1
237,61,2,2,4,2,2,.801803410493662,7/19/2016,7/19/2016,1,3,1
250,70,1,3,7,1,2,1.11914200960098,7/19/2016,7/19/2016,1,2,1
253,63,2,1,1,1,2,.610302952294695,7/19/2016,7/19/2016,1,3,2
254,75,2,1,7,1,2,.632934804058682,7/19/2016,7/19/2016,1,1,1
260,48,1,2,4,2,2,1.03814606257611,7/19/2016,7/19/2016,1,4,1
261,56,1,2,3,2,2,1.22964316769079,7/19/2016,7/19/2016,1,2,1
263,79,1,2,4,1,2,.842160976959557,7/19/2016,7/19/2016,1,5,1
264,26,2,2,4,1,2,1.30902781184176,7/19/2016,7/20/2016,1,3,1
268,42,1,2,7,2,2,.683588912708992,7/19/2016,7/19/2016,1,3,1
272,68,2,2,7,2,2,1.15362303692196,7/19/2016,7/19/2016,1,3,1
276,68,2,2,1,1,2,1.10630652910294,7/19/2016,7/19/2016,1,3,1
285,81,1,2,1,1,2,.926021917461207,7/19/2016,7/19/2016,1,4,1
286,60,2,1,3,2,2,.953627800320276,7/19/2016,7/19/2016,1,2,1
290,35,2,2,1,1,2,.904531084698477,7/19/2016,7/19/2016,1,3,1
291,66,1,2,2,2,2,.782696462051967,7/19/2016,7/19/2016,1,3,2
292,68,2,1,3,1,2,1.00046962373271,7/19/2016,7/19/2016,1,1,1
293,61,1,3,1,1,2,2.32668791937125,7/19/2016,7/19/2016,1,4,3
294,50,1,1,2,2,2,.639835553693338,7/19/2016,7/19/2016,1,2,1
295,26,1,2,1,2,2,.86931598259538,7/19/2016,7/19/2016,1,3,1
296,50,2,2,4,1,2,.791327504858222,7/19/2016,7/19/2016,1,3,1
301,51,1,2,2,1,2,1.00400926679664,7/19/2016,7/19/2016,1,2,1
308,75,1,1,7,2,2,.922534922707349,7/19/2016,7/19/2016,1,3,1
314,57,1,1,3,1,2,.969357886123744,7/19/2016,7/19/2016,1,3,1
319,41,1,2,7,2,2,.897639508195266,7/19/2016,7/19/2016,1,5,1
320,41,2,1,1,1,2,.728838310522905,7/19/2016,7/19/2016,1,3,1
323,48,2,3,1,1,2,1.53961319036194,7/19/2016,7/19/2016,1,4,2
326,48,1,1,1,1,2,.906561645820506,7/19/2016,7/19/2016,1,2,1
331,65,2,2,1,1,2,1.0122219691877,7/19/2016,7/19/2016,1,4,1
335,63,1,2,4,2,2,1.08836707731838,7/19/2016,7/19/2016,1,5,1
341,47,1,1,3,2,2,1.03231691827181,7/19/2016,7/19/2016,1,3,2
342,47,1,3,7,2,2,3.13236669868148,7/19/2016,7/19/2016,1,3,3
343,60,1,1,1,1,2,.729782030351881,7/19/2016,7/19/2016,1,2,1
350,36,2,2,1,1,2,1.00176311434867,7/19/2016,7/19/2016,1,4,2
352,39,1,2,1,1,2,1.24603770761535,7/19/2016,7/19/2016,1,4,1
355,69,2,1,7,2,2,1.10214066111385,7/19/2016,7/19/2016,1,4,2
363,69,2,1,2,1,2,.776692738885075,7/19/2016,7/19/2016,1,2,1
366,36,2,1,7,1,2,.473486151941205,7/19/2016,7/19/2016,1,2,1
367,66,2,2,1,2,2,.969036123542202,7/19/2016,7/19/2016,1,3,1
368,58,1,2,4,2,2,.968047952109976,7/19/2016,7/19/2016,1,5,1
369,76,1,2,7,2,2,1.26799242565018,7/19/2016,7/19/2016,1,3,1
372,61,2,3,7,2,2,1.0607356655917,7/19/2016,7/19/2016,1,5,3
373,56,2,1,1,1,2,.610302952294695,7/19/2016,7/19/2016,1,3,1
376,50,1,2,7,2,2,.806932616162371,7/19/2016,7/19/2016,1,3,1
380,56,2,2,6,1,2,.825144520041993,7/19/2016,7/19/2016,1,4,2
402,47,1,1,1,1,2,.722070045532351,7/19/2016,7/19/2016,1,1,1
405,49,1,1,1,1,2,.990825232345406,7/19/2016,7/19/2016,1,2,1
410,46,2,3,4,2,2,1.21318882809047,7/19/2016,7/19/2016,1,3,3
412,51,1,2,4,2,2,1.08836707731838,7/19/2016,7/19/2016,1,5,1
418,41,2,1,3,1,2,.905927552370493,7/19/2016,7/19/2016,1,2,1
419,73,1,1,1,2,2,.774923555373757,7/19/2016,7/19/2016,1,1,1
425,35,2,1,3,2,2,.692362575017996,7/19/2016,7/19/2016,1,3,1
427,66,2,1,3,1,2,.915385841090863,7/19/2016,7/19/2016,1,1,1
442,49,2,3,1,2,2,1.28301339972597,7/19/2016,7/19/2016,1,3,3
451,45,2,1,7,1,2,.716826230540875,7/19/2016,7/19/2016,1,3,1
453,73,2,1,1,2,2,.925791250401547,7/19/2016,7/19/2016,1,3,1
455,68,1,2,1,1,2,.892725966740016,7/19/2016,7/19/2016,1,5,1
456,37,1,3,7,1,2,1.81586564667414,7/19/2016,7/19/2016,1,3,1
457,37,2,2,1,1,2,.827606284207141,7/19/2016,7/19/2016,1,2,3
458,39,2,1,7,1,2,.867671126786312,7/19/2016,7/19/2016,1,1,1
462,61,2,2,3,1,2,1.04265730475812,7/19/2016,7/19/2016,1,3,1
463,70,2,2,1,1,2,1.0122219691877,7/19/2016,7/19/2016,1,5,1
467,66,1,3,1,1,2,1.42320628326839,7/19/2016,7/19/2016,1,4,1
474,74,1,3,7,2,2,1.40687773030241,7/19/2016,7/19/2016,1,1,1
477,66,2,2,1,1,2,1.0122219691877,7/19/2016,7/19/2016,1,4,1
480,70,2,2,7,2,2,1.15362303692196,7/19/2016,7/19/2016,1,3,1
485,37,2,1,2,1,2,.643485980822053,7/19/2016,7/19/2016,1,1,1
490,59,2,2,1,1,2,.920936833870898,7/19/2016,7/19/2016,1,4,1
491,56,1,1,3,1,2,.829957252619409,7/19/2016,7/19/2016,1,3,2
492,44,2,2,1,1,2,1.00176311434867,7/19/2016,7/19/2016,1,5,1
497,56,1,4,7,2,2,1.35545022207009,7/19/2016,7/19/2016,1,3,3
498,84,2,2,1,1,2,1.06652828305825,7/19/2016,7/19/2016,1,4,1
500,42,2,1,5,1,2,.622566235611943,7/19/2016,7/19/2016,1,1,1
503,24,1,4,7,2,2,1.6313704765784,7/20/2016,7/20/2016,1,3,3
514,54,2,2,1,2,2,1.37672235085161,7/19/2016,7/19/2016,1,2,3
515,38,2,1,5,2,2,.538156054817962,7/19/2016,7/19/2016,1,1,1
518,73,2,2,1,2,2,.969036123542202,7/19/2016,7/20/2016,1,1,1
525,53,2,1,2,1,2,1.36886776554031,7/19/2016,7/19/2016,1,1,1
529,36,2,1,1,1,2,.658096608014689,7/19/2016,7/19/2016,1,2,1
533,38,2,2,7,2,2,.602036051460236,7/19/2016,7/19/2016,1,3,1
537,39,1,1,3,1,2,.821186664324745,7/19/2016,7/19/2016,1,2,1
541,59,2,2,7,2,2,.693284350834833,7/19/2016,7/19/2016,1,2,2
542,29,1,2,1,1,2,.956775562672996,7/19/2016,7/19/2016,1,4,1
552,32,1,2,1,1,2,1.22137814190674,7/19/2016,7/19/2016,1,4,3
556,35,1,1,1,1,2,.888620442005099,7/19/2016,7/19/2016,1,1,1
557,30,1,2,1,2,2,.86931598259538,7/19/2016,7/19/2016,1,1,2
560,42,1,1,7,2,2,1.35672694789072,7/20/2016,7/20/2016,1,2,1
563,35,2,2,1,1,2,.904531084698477,7/19/2016,7/19/2016,1,3,1
565,33,2,2,2,2,2,1.04137140589774,7/19/2016,7/19/2016,1,3,2
569,25,1,1,1,1,2,.971216419728071,7/19/2016,7/19/2016,1,1,1
570,38,2,2,1,2,2,.792296956477672,7/19/2016,7/19/2016,1,3,1
572,38,2,3,7,1,2,1.19477780199476,7/19/2016,7/19/2016,1,2,2
573,36,1,2,1,1,2,.908057722897384,7/19/2016,7/19/2016,1,2,1
579,25,1,3,7,2,2,1.57564741766969,7/19/2016,7/19/2016,1,4,1
581,30,1,2,3,2,2,1.42940260754702,7/19/2016,7/19/2016,1,3,2
584,44,2,2,1,2,2,1.11079362446232,7/19/2016,7/19/2016,1,3,1
593,55,1,1,4,1,2,.9861387690149,7/19/2016,7/19/2016,1,4,2
595,21,2,1,2,1,2,.852203862757364,7/19/2016,7/19/2016,1,2,1
596,37,1,3,7,2,2,2.28273169768499,7/20/2016,7/20/2016,1,3,5
602,61,1,1,1,1,2,1.00776202252167,7/19/2016,7/20/2016,1,3,4
613,47,2,2,4,2,2,1.43580564156479,7/19/2016,7/19/2016,1,3,1
616,59,1,2,1,2,2,1.34749410231233,7/19/2016,7/19/2016,1,4,1
619,27,2,3,7,1,2,1.59923100504027,7/19/2016,7/19/2016,1,3,1
620,71,2,1,1,2,2,.705027606828358,7/19/2016,7/19/2016,1,1,1
622,51,1,2,3,2,2,1.93102904802711,7/19/2016,7/19/2016,1,3,1
624,67,2,2,1,2,2,1.27246813572906,7/19/2016,7/19/2016,1,3,1
625,45,1,3,7,2,2,2.06902620389377,7/19/2016,7/19/2016,1,3,3
628,27,2,3,7,2,2,1.53100076954104,7/19/2016,7/19/2016,1,3,3
634,46,1,1,2,1,2,.937181332878185,7/19/2016,7/19/2016,1,1,1
638,47,1,1,1,1,2,.906561645820506,7/19/2016,7/19/2016,1,2,1
639,70,1,1,3,1,2,.807321649601963,7/19/2016,7/19/2016,1,3,1
642,36,2,1,3,1,2,.82888399090026,7/19/2016,7/19/2016,1,1,1
650,65,2,2,1,1,2,1.10630652910294,7/19/2016,7/19/2016,1,2,1
652,74,2,2,4,1,2,.920554715171473,7/19/2016,7/19/2016,1,5,1
655,20,1,1,2,1,2,.905729495924178,7/19/2016,7/19/2016,1,1,1
663,61,1,1,1,1,2,.779869385985457,7/19/2016,7/19/2016,1,3,1
666,67,2,2,1,2,2,.969036123542202,7/19/2016,7/19/2016,1,4,1
671,27,1,3,7,2,2,2.28273169768499,7/19/2016,7/19/2016,1,3,3
674,52,2,2,1,1,2,.88384464022879,7/19/2016,7/19/2016,1,4,1
675,74,2,1,1,2,2,.705027606828358,7/19/2016,7/19/2016,1,3,4
676,44,2,1,1,2,2,.638404124479724,7/19/2016,7/19/2016,1,3,2
687,56,2,2,4,2,2,.99478085391303,7/19/2016,7/19/2016,1,5,2
693,46,2,1,5,2,2,.520026405069528,7/19/2016,7/19/2016,1,2,1
699,49,2,1,3,1,2,.81799740863558,7/19/2016,7/19/2016,1,3,1
704,61,2,1,2,1,2,.797539266293695,7/19/2016,7/19/2016,1,1,1
713,39,2,2,7,2,2,1.23856524617395,7/19/2016,7/19/2016,1,3,1
717,23,2,2,4,1,2,.919037006900345,7/19/2016,7/19/2016,1,4,1
718,55,2,2,2,1,2,1.52527052951904,7/19/2016,7/19/2016,1,4,1
728,64,1,2,1,2,2,.878600610454729,7/19/2016,7/19/2016,1,3,1
731,45,2,1,5,1,2,.622566235611943,7/19/2016,7/19/2016,1,2,1
734,32,2,2,1,1,2,.916569328292616,7/19/2016,7/19/2016,1,3,1
737,34,1,2,2,1,2,1.24721664205315,7/19/2016,7/19/2016,1,2,1
761,49,2,1,1,2,2,.756939367074958,7/19/2016,7/19/2016,1,4,1
767,62,2,2,4,2,2,.831708227692347,7/19/2016,7/19/2016,1,4,1
773,64,1,1,7,2,2,.760994661062218,7/19/2016,7/19/2016,1,2,1
774,42,1,2,1,2,2,1.14152286056078,7/19/2016,7/19/2016,1,2,1
776,42,1,2,2,2,2,.870138483024503,7/19/2016,7/19/2016,1,5,1
778,70,2,2,1,1,2,1.0122219691877,7/19/2016,7/19/2016,1,5,1
779,49,1,2,4,1,2,.85662432542823,7/19/2016,7/19/2016,1,3,1
782,67,1,1,7,2,2,.922534922707349,7/20/2016,7/20/2016,1,3,1
783,46,2,2,1,1,2,1.21073069256676,7/19/2016,7/19/2016,1,3,1
793,69,2,2,1,2,2,1.22671539970563,7/19/2016,7/19/2016,1,4,1
803,48,2,2,4,2,2,.948394546955992,7/19/2016,7/19/2016,1,2,1
823,47,1,4,7,2,2,1.14826284745145,7/19/2016,7/19/2016,1,3,1
826,21,1,1,2,1,2,1.02683656744016,7/19/2016,7/19/2016,1,2,1
827,58,1,2,1,1,2,.917756127390924,7/19/2016,7/19/2016,1,2,1
830,62,2,1,2,1,2,.871669381197817,7/19/2016,7/19/2016,1,1,1
836,19,1,1,5,1,2,.844776620891885,7/19/2016,7/19/2016,1,1,1
838,18,2,1,7,1,2,.631891291520673,7/19/2016,7/19/2016,1,2,1
843,48,2,2,1,2,2,1.00533800775111,7/19/2016,7/19/2016,1,4,1
854,18,1,1,7,1,2,.806692390188754,7/20/2016,7/20/2016,1,3,1
856,65,1,2,1,1,2,.892725966740016,7/19/2016,7/19/2016,1,5,1
859,47,1,2,7,2,2,1.4201013692007,7/20/2016,7/20/2016,1,2,1
863,67,2,2,2,2,2,.969952973851418,7/19/2016,7/19/2016,1,3,1
874,63,2,1,3,1,2,.829101045602157,7/19/2016,7/19/2016,1,1,1
878,46,2,3,7,2,2,2.08048789248217,7/19/2016,7/19/2016,1,3,3
879,69,2,1,2,1,2,.776692738885075,7/19/2016,7/19/2016,1,1,1
889,53,1,2,1,2,2,1.34749410231233,7/19/2016,7/19/2016,1,2,1
892,25,2,3,7,1,2,1.59923100504027,7/19/2016,7/19/2016,1,3,1
906,33,2,1,1,1,2,.728838310522905,7/19/2016,7/19/2016,1,5,1
919,48,2,3,7,2,2,1.01127390726486,7/19/2016,7/19/2016,1,3,3
920,44,1,1,5,1,2,.616784852833409,7/19/2016,7/19/2016,1,3,1
932,52,2,3,1,1,2,2.01057938770236,7/19/2016,7/19/2016,1,2,1
934,21,2,4,4,1,2,1.68724837711378,7/19/2016,7/19/2016,1,1,1
946,75,1,2,1,1,2,.892725966740016,7/19/2016,7/19/2016,1,4,1
951,19,1,1,5,2,2,.808734731004786,7/19/2016,7/19/2016,1,1,1
954,62,1,1,5,1,2,.940831988498499,7/19/2016,7/19/2016,1,1,1
977,51,1,2,3,2,2,1.09207829644605,7/19/2016,7/19/2016,1,5,1
985,71,2,2,1,2,2,.969036123542202,7/19/2016,7/19/2016,1,3,1
991,61,2,2,4,2,2,.757565989577861,7/19/2016,7/19/2016,1,3,1
998,64,1,2,2,2,2,1.11328424503224,7/19/2016,7/19/2016,1,4,1
1000,55,1,1,2,1,2,1.10247415314341,7/19/2016,7/19/2016,1,1,1
1001,46,2,1,5,1,2,.680432861785487,7/19/2016,7/19/2016,1,1,1
1004,37,1,2,4,1,2,1.15219792808467,7/19/2016,7/19/2016,1,4,1
1011,42,2,1,7,2,2,.595221265092328,7/19/2016,7/19/2016,1,5,1
1016,58,2,1,7,2,2,.504402875027958,7/19/2016,7/19/2016,1,3,2
1017,26,1,2,7,2,2,.938021383734695,7/19/2016,7/19/2016,1,4,1
1018,54,2,3,7,1,2,2.48283739322534,7/19/2016,7/19/2016,1,3,1
1026,23,2,1,5,1,2,.794853102091583,7/19/2016,7/19/2016,1,3,1
1028,42,2,1,1,1,2,.60212954272314,7/19/2016,7/19/2016,1,3,1
1032,49,2,2,1,1,2,.799725501434281,7/19/2016,7/19/2016,1,3,1
1038,43,2,2,2,1,2,1.37069495856745,7/19/2016,7/19/2016,1,3,2
1042,34,1,1,7,2,2,.896160595723462,7/19/2016,7/19/2016,1,2,2
1045,68,1,1,3,1,2,.738663913147644,7/19/2016,7/19/2016,1,1,1
1047,45,1,2,7,1,2,.780423824230533,7/19/2016,7/19/2016,1,4,1
1054,41,2,2,1,1,2,.827606284207141,7/19/2016,7/19/2016,1,3,1
1068,49,2,1,1,1,2,.728838310522905,7/19/2016,7/19/2016,1,4,1
1069,22,2,1,1,1,2,.820785523074181,7/19/2016,7/19/2016,1,1,1
1074,22,2,3,7,2,2,1.27787098270831,7/19/2016,7/19/2016,1,3,4
1092,28,1,1,1,1,2,.888620442005099,7/19/2016,7/19/2016,1,2,1
1095,73,2,2,4,1,2,.954888593174862,7/19/2016,7/19/2016,1,3,1
1096,22,1,4,7,1,2,1.70407376583723,7/19/2016,7/19/2016,1,3,3
1097,50,2,2,4,1,2,1.19801668983399,7/19/2016,7/19/2016,1,3,1
1099,38,2,3,7,2,2,1.01127390726486,7/19/2016,7/19/2016,1,3,3
1104,31,1,1,7,2,2,.653082603302901,7/19/2016,7/19/2016,1,4,1
1106,62,2,1,1,1,2,1.0098381987279,7/19/2016,7/19/2016,1,2,2
1107,23,2,3,5,1,2,1.73204534769426,7/19/2016,7/19/2016,1,2,1
1109,30,1,2,1,2,2,.86931598259538,7/19/2016,7/19/2016,1,5,1
1110,61,2,1,2,1,2,.643654486498693,7/19/2016,7/19/2016,1,1,1
1113,24,2,1,2,1,2,.751693306914536,7/19/2016,7/19/2016,1,2,1
1114,22,2,1,2,1,2,1.21770571272067,7/19/2016,7/19/2016,1,2,4
1116,56,2,1,3,1,2,.731315280264609,7/19/2016,7/19/2016,1,1,1
1117,57,2,2,3,2,2,1.31072851328702,7/19/2016,7/19/2016,1,3,1
1121,30,1,1,1,1,2,.888620442005099,7/19/2016,7/19/2016,1,2,1
1125,62,2,2,1,1,2,.80867909449456,7/19/2016,7/19/2016,1,2,1
1126,31,2,1,7,2,2,.760010578525898,7/19/2016,7/19/2016,1,3,1
1129,55,2,1,3,1,2,.799289971979903,7/19/2016,7/19/2016,1,1,1
1134,46,1,1,5,2,2,.765652131893834,7/19/2016,7/19/2016,1,1,1
1140,68,1,1,1,2,2,.747060482129063,7/19/2016,7/19/2016,1,2,1
1143,48,1,2,1,2,2,1.56639880097623,7/19/2016,7/19/2016,1,2,1
1146,33,1,1,5,1,2,.594607798836868,7/19/2016,7/19/2016,1,1,1
1151,48,2,1,2,1,2,.703297066888334,7/19/2016,7/19/2016,1,1,1
1157,70,1,2,4,1,2,.842160976959557,7/19/2016,7/19/2016,1,5,1
1161,24,2,3,2,1,2,1.69908915048934,7/19/2016,7/19/2016,1,3,5
1163,30,1,1,2,1,2,.937181332878185,7/19/2016,7/19/2016,1,1,1
1174,65,1,2,1,1,2,.847269453940229,7/19/2016,7/19/2016,1,4,1
1175,51,2,1,2,1,2,.871669381197817,7/19/2016,7/19/2016,1,1,1
1181,19,2,1,1,2,2,1.06560468905242,7/19/2016,7/19/2016,1,3,1
1196,45,2,1,2,1,2,.643485980822053,7/19/2016,7/19/2016,1,4,1
1199,69,1,1,3,1,2,.738663913147644,7/19/2016,7/19/2016,1,4,1
1213,52,1,1,2,1,2,1.00871551321156,7/19/2016,7/19/2016,1,3,2
1214,43,1,2,1,1,2,1.22137814190674,7/19/2016,7/19/2016,1,4,1
1223,46,2,2,1,1,2,.827606284207141,7/19/2016,7/19/2016,1,4,1
1224,58,2,3,7,2,2,1.76304869461625,7/19/2016,7/19/2016,1,3,3
1226,56,2,2,1,2,2,1.05450943916939,7/19/2016,7/19/2016,1,5,1
1228,19,2,1,3,1,2,.998820160644937,7/19/2016,7/19/2016,1,1,1
1229,26,2,2,1,2,2,1.15907559082123,7/19/2016,7/19/2016,1,3,1
1231,25,1,1,2,2,2,1.11814510916486,7/19/2016,7/19/2016,1,2,1
1232,44,2,2,6,1,2,.844457084169662,7/19/2016,7/19/2016,1,1,1
1233,31,2,2,7,1,2,.650790381517248,7/19/2016,7/19/2016,1,3,1
1236,56,1,2,4,2,2,1.25480157265225,7/20/2016,7/20/2016,1,5,2
1251,70,1,2,4,1,2,.770540370183177,7/19/2016,7/19/2016,1,4,1
1261,43,1,1,2,1,2,.722753229707263,7/19/2016,7/19/2016,1,1,1
1263,32,2,3,7,2,2,2.01039945538502,7/19/2016,7/19/2016,1,3,5
1266,43,2,1,3,1,2,.905927552370493,7/19/2016,7/19/2016,1,2,1
1268,68,2,1,1,1,2,.736447708375255,7/19/2016,7/19/2016,1,3,1
1271,64,2,1,1,2,2,.842300689891545,7/19/2016,7/19/2016,1,3,1
1272,51,1,1,5,1,2,.600958438011802,7/19/2016,7/19/2016,1,1,1
1273,52,2,1,2,1,2,.871669381197817,7/19/2016,7/19/2016,1,1,1
1277,22,1,1,5,1,2,.876284207528291,7/19/2016,7/19/2016,1,2,1
1287,71,2,1,5,1,2,.724423650084511,7/19/2016,7/19/2016,1,1,1
1289,18,2,1,7,1,2,.631891291520673,7/19/2016,7/19/2016,1,1,1
1298,48,1,3,7,2,2,1.5444647489654,7/19/2016,7/19/2016,1,3,1
1299,68,2,1,1,2,2,.892503593521903,7/19/2016,7/19/2016,1,2,1
1307,54,2,2,2,1,2,.921808175196974,7/19/2016,7/19/2016,1,2,1
1312,19,2,3,7,1,2,2.02082826552468,7/19/2016,7/19/2016,1,3,3
1326,37,1,1,3,1,2,.897514770484359,7/19/2016,7/19/2016,1,2,1
1328,80,1,2,4,1,2,.842160976959557,7/19/2016,7/19/2016,1,5,1
1331,45,1,2,7,2,2,.659009858669416,7/19/2016,7/19/2016,1,5,1
1333,55,2,2,1,1,2,1.39423650825568,7/19/2016,7/19/2016,1,2,2
1334,61,1,1,2,1,2,1.10247415314341,7/19/2016,7/19/2016,1,1,1
1339,73,2,2,4,2,2,1.20039412794136,7/19/2016,7/19/2016,1,4,1
1340,26,2,1,1,1,2,.702632273696673,7/19/2016,7/19/2016,1,1,1
1343,62,1,2,1,2,2,1.15371476220005,7/19/2016,7/19/2016,1,3,1
1353,39,2,2,2,1,2,.872832903530212,7/19/2016,7/19/2016,1,3,1
1356,57,1,2,2,1,2,1.17264388911479,7/19/2016,7/19/2016,1,3,1
1360,25,2,1,1,1,2,.666855098916523,7/19/2016,7/19/2016,1,2,1
1361,47,2,2,7,2,2,.790550190474844,7/19/2016,7/19/2016,1,4,1
1367,58,1,1,2,1,2,1.10247415314341,7/19/2016,7/19/2016,1,3,1
1377,47,2,2,2,2,2,.766330065927619,7/19/2016,7/19/2016,1,3,1
1381,19,1,2,2,2,2,1.23623109019985,7/19/2016,7/19/2016,1,2,2
1383,29,2,3,7,2,2,1.37422734325495,7/19/2016,7/19/2016,1,3,1
1390,20,1,1,2,1,2,.939510438549993,7/19/2016,7/19/2016,1,3,2
1394,66,2,2,1,2,2,.969036123542202,7/19/2016,7/19/2016,1,5,1
1397,23,2,2,1,1,2,.974217783655822,7/19/2016,7/19/2016,1,3,1
1403,37,1,1,1,1,2,.660662433198209,7/19/2016,7/19/2016,1,3,1
1405,23,1,1,3,1,2,1.20418781129134,7/19/2016,7/19/2016,1,1,1
1407,74,2,2,4,2,2,.914148841767774,7/19/2016,7/19/2016,1,4,1
1409,72,2,1,1,2,2,.925791250401547,7/19/2016,7/19/2016,1,3,3
1411,18,2,1,7,1,2,.631891291520673,7/19/2016,7/19/2016,1,3,2
1421,18,2,2,7,2,2,.760747800549976,7/19/2016,7/19/2016,1,5,1
1424,69,2,2,1,2,2,.969036123542202,7/19/2016,7/19/2016,1,2,3
1425,44,2,1,2,2,2,.639008148421365,7/19/2016,7/19/2016,1,3,1
1428,28,1,1,3,1,2,.865243819866347,7/19/2016,7/19/2016,1,1,1
1431,24,1,4,1,1,2,2.16706054270724,7/20/2016,7/20/2016,1,3,3
1432,68,2,1,1,1,2,.736447708375255,7/19/2016,7/19/2016,1,2,1
1433,67,1,4,7,2,2,2.1299183853846,7/20/2016,7/20/2016,1,2,1
1434,53,1,1,2,2,2,.720433159055582,7/19/2016,7/19/2016,1,2,2
1448,20,2,4,7,2,2,1.93461083475596,7/19/2016,7/19/2016,1,4,3
1450,70,1,1,1,2,2,.590135734684374,7/19/2016,7/19/2016,1,2,2
1451,63,2,2,1,1,2,.916809344609139,7/19/2016,7/19/2016,1,3,2
1470,33,1,2,1,1,2,1.33490346389081,7/19/2016,7/19/2016,1,5,1
1484,66,1,1,1,1,2,.673732382598686,7/19/2016,7/19/2016,1,3,2
1489,46,1,1,3,2,2,1.38851230236187,7/19/2016,7/19/2016,1,1,1
1490,31,2,3,7,1,2,2.00325065200355,7/19/2016,7/19/2016,1,2,1
1492,32,2,1,2,1,2,.729527898469254,7/19/2016,7/20/2016,1,2,1
1495,41,2,1,7,2,2,.502010764853445,7/19/2016,7/19/2016,1,3,1
1496,41,1,2,4,1,2,1.13319600042593,7/19/2016,7/19/2016,1,5,1
1506,40,2,2,4,2,2,.7222409344217,7/19/2016,7/19/2016,1,3,1
1510,34,2,1,2,1,2,.729527898469254,7/19/2016,7/19/2016,1,2,1
1513,35,2,1,1,1,2,.6428777241989,7/19/2016,7/19/2016,1,1,1
1523,56,2,1,2,1,2,.90417998561937,7/19/2016,7/19/2016,1,1,1
1524,24,1,1,5,1,2,.95297752104553,7/19/2016,7/19/2016,1,1,1
1534,36,2,1,5,2,2,.782630412411141,7/19/2016,7/19/2016,1,3,1
1535,38,2,1,2,1,2,.703297066888334,7/19/2016,7/19/2016,1,1,1
1540,29,2,1,2,1,2,.667486041653114,7/19/2016,7/19/2016,1,3,1
1542,73,2,2,4,2,2,.914148841767774,7/19/2016,7/19/2016,1,3,1
1552,38,2,2,1,1,2,1.00176311434867,7/19/2016,7/19/2016,1,3,4
1555,44,1,1,2,1,2,.97213533291728,7/19/2016,7/19/2016,1,2,2
1559,34,2,4,7,1,2,2.00325065200355,7/19/2016,7/19/2016,1,4,1
1562,74,2,2,2,1,2,1.06753737525033,7/19/2016,7/19/2016,1,1,1
1568,29,2,1,7,1,2,.573123925253895,7/19/2016,7/19/2016,1,3,1
1572,20,2,1,7,2,2,.837941054059738,7/19/2016,7/19/2016,1,3,3
1574,46,1,2,1,2,2,1.14152286056078,7/19/2016,7/19/2016,1,3,2
1576,19,2,1,1,2,2,.924264908713307,7/19/2016,7/19/2016,1,1,1
1585,18,1,3,7,1,2,1.86246494405928,7/19/2016,7/19/2016,1,2,2
1588,22,2,1,5,1,2,.686403350730332,7/19/2016,7/19/2016,1,1,1
1592,22,2,1,2,1,2,.821562106570242,7/19/2016,7/19/2016,1,1,1
1600,40,1,2,1,2,2,1.53539916595517,7/19/2016,7/19/2016,1,2,4
1612,29,1,1,2,1,2,.637510329469718,7/19/2016,7/19/2016,1,1,1
1614,60,1,2,4,2,2,1.22546446067042,7/19/2016,7/19/2016,1,2,1
1620,18,2,1,7,2,2,.726798145498358,7/19/2016,7/19/2016,1,2,1
3,35,1,1,1,1,1,.967418634904029,7/19/2016,7/19/2016,1,2,1
4,48,2,1,2,2,1,1.19332596532523,7/19/2016,7/19/2016,1,1,1
15,55,2,2,1,1,1,1.46727097305075,7/19/2016,7/19/2016,1,5,1
16,72,2,1,3,1,1,1.14031387972925,7/19/2016,7/19/2016,1,3,1
42,51,2,1,7,1,1,.527881273729724,7/19/2016,7/19/2016,1,1,1
56,57,1,2,1,1,1,1.22959591722263,7/19/2016,7/19/2016,1,4,2
64,31,1,1,1,1,1,.885145635401309,7/19/2016,7/19/2016,1,2,1
66,29,2,1,2,1,1,.949266016639585,7/19/2016,7/19/2016,1,3,1
70,65,1,2,4,1,1,1.37191682121134,7/19/2016,7/19/2016,1,4,1
122,70,2,2,4,1,1,1.63901146190293,7/19/2016,7/19/2016,1,5,1
124,47,2,2,2,1,1,1.24421983013232,7/19/2016,7/19/2016,1,3,2
153,53,1,1,2,2,1,.877225031237518,7/19/2016,7/19/2016,1,2,1
166,47,2,2,2,2,1,1.05065108079911,7/19/2016,7/19/2016,1,1,1
167,58,2,3,7,2,1,1.77434484957846,7/19/2016,7/19/2016,1,3,3
175,70,1,2,2,2,1,1.51617441428663,7/19/2016,7/19/2016,1,3,1
180,70,2,2,2,2,1,1.3794197007256,7/19/2016,7/19/2016,1,4,1
191,43,1,1,2,2,1,1.18224429434716,7/19/2016,7/19/2016,1,1,1
241,68,1,1,2,1,1,.959055807100623,7/19/2016,7/19/2016,1,1,1
243,52,1,1,2,1,1,1.03884229436476,7/19/2016,7/19/2016,1,3,1
259,69,2,1,1,1,1,1.07839223317976,7/19/2016,7/19/2016,1,2,1
273,36,1,3,7,1,1,1.20712106325741,7/19/2016,7/19/2016,1,3,5
281,69,2,2,2,2,1,1.3794197007256,7/19/2016,7/19/2016,1,2,1
282,74,2,1,5,2,1,.995049244490837,7/19/2016,7/19/2016,1,3,1
297,31,1,2,1,1,1,1.63638414590916,7/19/2016,7/19/2016,1,4,1
300,33,2,1,3,1,1,1.56322171346896,7/19/2016,7/19/2016,1,1,1
321,72,2,1,1,1,1,1.07839223317976,7/19/2016,7/19/2016,1,4,1
329,55,1,1,1,2,1,.85643178400985,7/19/2016,7/19/2016,1,2,1
332,70,2,2,4,1,1,2.71199143992216,7/19/2016,7/19/2016,1,3,1
334,39,1,1,2,1,1,1.02786430960928,7/19/2016,7/19/2016,1,2,1
336,67,2,1,6,2,1,.995049244490837,7/19/2016,7/19/2016,1,2,2
340,46,2,1,2,1,1,.82825403132981,7/19/2016,7/19/2016,1,3,1
344,72,1,2,1,1,1,1.13515892758359,7/19/2016,7/19/2016,1,2,1
356,36,2,1,5,1,1,1.0286547692853,7/19/2016,7/19/2016,1,2,1
371,76,1,1,1,1,1,.87020072969374,7/19/2016,7/19/2016,1,2,1
393,41,2,3,7,1,1,1.6094775520066,7/19/2016,7/19/2016,1,2,1
397,65,1,2,2,2,1,1.11311264416836,7/19/2016,7/19/2016,1,5,1
399,53,2,2,4,1,1,1.43758315927049,7/19/2016,7/19/2016,1,4,1
408,73,1,1,1,1,1,.902656557901843,7/19/2016,7/19/2016,1,3,1
416,35,2,3,7,1,1,1.6094775520066,7/19/2016,7/19/2016,1,3,1
417,43,1,1,7,1,1,1.16362673788727,7/19/2016,7/19/2016,1,1,1
421,39,2,4,7,1,1,1.84463013383844,7/19/2016,7/19/2016,1,3,2
441,40,1,1,2,1,1,.940450777574374,7/19/2016,7/19/2016,1,2,1
447,73,1,2,1,1,1,1.24067029898887,7/19/2016,7/19/2016,1,5,1
452,46,1,1,2,1,1,1.38252334509874,7/19/2016,7/19/2016,1,1,1
519,44,1,1,1,2,1,1.28287856080067,7/19/2016,7/19/2016,1,3,4
520,55,1,2,5,1,1,1.29528621623111,7/19/2016,7/19/2016,1,3,3
523,38,2,3,7,2,1,1.76593009110284,7/19/2016,7/19/2016,1,3,1
547,31,2,2,7,1,1,.725364653156623,7/19/2016,7/19/2016,1,3,3
550,42,1,1,3,1,1,1.44975766299202,7/19/2016,7/19/2016,1,3,1
566,73,1,1,2,1,1,.959055807100623,7/19/2016,7/19/2016,1,4,2
568,60,1,2,1,1,1,2.10392263798923,7/19/2016,7/19/2016,1,3,1
574,61,2,2,1,1,1,1.23385738013738,7/19/2016,7/19/2016,1,3,3
576,33,2,3,7,2,1,1.01775331240017,7/19/2016,7/19/2016,1,3,3
582,69,2,1,1,1,1,1.07839223317976,7/19/2016,7/19/2016,1,1,1
591,71,2,2,1,1,1,1.35615983755355,7/19/2016,7/19/2016,1,5,1
604,30,2,1,1,1,1,.881707981240467,7/19/2016,7/19/2016,1,1,1
605,36,2,1,7,1,1,.788473911317541,7/19/2016,7/19/2016,1,2,1
607,25,2,1,3,2,1,1.29803119119778,7/19/2016,7/19/2016,1,1,1
617,49,2,1,1,1,1,1.47833520621808,7/19/2016,7/19/2016,1,2,1
640,67,1,1,2,1,1,.924572093173375,7/19/2016,7/19/2016,1,1,1
646,31,1,1,2,2,1,1.21097998411653,7/19/2016,7/19/2016,1,1,1
672,48,2,2,2,1,1,1.17809479455378,7/19/2016,7/19/2016,1,4,1
679,23,1,1,7,1,1,1.22910303211397,7/20/2016,7/20/2016,1,1,1
683,47,1,3,7,2,1,2.04107363111077,7/19/2016,7/19/2016,1,1,5
685,68,1,1,3,1,1,1.0432056184889,7/19/2016,7/19/2016,1,1,1
691,46,1,3,1,1,1,3.06487187934361,7/19/2016,7/19/2016,1,3,2
694,20,1,1,2,1,1,1.46031676662439,7/20/2016,7/20/2016,1,1,1
709,68,1,2,4,1,1,1.37191682121134,7/19/2016,7/19/2016,1,5,1
720,67,1,1,2,1,1,.924572093173375,7/19/2016,7/19/2016,1,1,1
722,42,1,1,2,2,1,.900327006945179,7/19/2016,7/19/2016,1,1,1
730,52,2,1,2,1,1,.837527025042981,7/19/2016,7/19/2016,1,1,1
752,45,2,2,1,1,1,1.22800586156155,7/19/2016,7/19/2016,1,5,1
760,34,2,2,7,1,1,.958161288809127,7/19/2016,7/19/2016,1,1,1
790,25,2,1,2,1,1,.949266016639585,7/19/2016,7/19/2016,1,2,1
794,45,1,1,7,1,1,.522842257446168,7/19/2016,7/19/2016,1,1,5
799,24,2,1,7,1,1,.581857151267288,7/19/2016,7/19/2016,1,1,1
800,35,2,1,5,1,1,.819266673009215,7/19/2016,7/19/2016,1,1,1
804,25,1,1,2,1,1,1.26494824536429,7/19/2016,7/19/2016,1,1,1
814,29,1,3,7,1,1,1.62363167464018,7/19/2016,7/19/2016,1,1,1
815,33,2,1,2,1,1,.949266016639585,7/19/2016,7/19/2016,1,2,1
819,42,2,1,2,2,1,.820560488612726,7/19/2016,7/19/2016,1,3,2
822,31,2,2,7,2,1,.91728190979781,7/19/2016,7/19/2016,1,5,1
835,59,2,2,7,2,1,.635527856342153,7/19/2016,7/19/2016,1,3,1
844,64,2,2,1,2,1,1.07591668463241,7/19/2016,7/19/2016,1,4,1
858,20,2,1,6,1,1,1.13413166341754,7/19/2016,7/19/2016,1,1,1
871,70,2,2,1,1,1,1.30739789113544,7/19/2016,7/19/2016,1,1,1
882,49,1,2,1,2,1,2.09863765867551,7/19/2016,7/19/2016,1,5,1
893,63,2,1,1,1,1,.893676436434668,7/19/2016,7/19/2016,1,3,1
898,21,1,1,2,2,1,1.67964890807178,7/20/2016,7/20/2016,1,1,1
899,61,2,1,1,1,1,.897699781000865,7/19/2016,7/19/2016,1,3,2
918,30,2,1,2,2,1,1.07750067291737,7/19/2016,7/19/2016,1,3,1
922,49,1,3,7,2,1,2.08228280916589,7/19/2016,7/20/2016,1,3,1
939,41,1,2,2,1,1,1.90023064354591,7/19/2016,7/19/2016,1,3,2
960,28,2,2,2,1,1,1.30473339209073,7/19/2016,7/19/2016,1,3,1
969,19,2,1,1,1,1,1.07661429995662,7/19/2016,7/19/2016,1,3,1
980,22,1,4,7,1,1,1.87439807595974,7/20/2016,7/20/2016,1,3,3
981,31,1,1,1,1,1,1.3012212163946,7/19/2016,7/19/2016,1,2,1
983,44,1,1,2,1,1,1.26494824536429,7/19/2016,7/19/2016,1,1,1
993,24,1,4,7,1,1,1.80700240767993,7/19/2016,7/19/2016,1,1,1
994,26,1,1,2,2,1,.900327006945179,7/19/2016,7/19/2016,1,1,1
1005,40,1,1,3,1,1,1.37593777848139,7/19/2016,7/20/2016,1,3,1
1012,24,2,1,2,1,1,1.10889270699857,7/19/2016,7/19/2016,1,1,1
1015,34,1,1,7,2,1,1.01924404644585,7/20/2016,7/20/2016,1,2,1
1022,41,1,1,5,1,1,.898907419789798,7/19/2016,7/19/2016,1,2,1
1024,18,2,1,7,1,1,.581857151267288,7/19/2016,7/19/2016,1,2,1
1029,18,2,1,7,2,1,.731454865702892,7/19/2016,7/19/2016,1,3,1
1036,22,1,1,2,1,1,1.50725983149113,7/19/2016,7/19/2016,1,3,4
1043,30,2,1,2,1,1,.949266016639585,7/19/2016,7/19/2016,1,1,1
1062,48,1,1,2,1,1,.906636024213384,7/19/2016,7/19/2016,1,1,1
1065,23,2,1,7,2,1,.557032563491816,7/19/2016,7/19/2016,1,3,1
1067,38,2,3,7,1,1,1.10017342792153,7/19/2016,7/19/2016,1,3,3
1084,56,1,1,3,2,1,1.1144625446249,7/19/2016,7/19/2016,1,1,1
1100,65,1,2,1,1,1,1.19606088277804,7/19/2016,7/19/2016,1,4,1
1156,30,2,3,7,2,1,2.31889164527685,7/19/2016,7/19/2016,1,2,1
1172,48,2,2,7,2,1,.91728190979781,7/19/2016,7/19/2016,1,3,1
1192,26,1,3,7,2,1,1.15561996419007,7/19/2016,7/19/2016,1,1,1
1193,42,1,1,2,2,1,.900327006945179,7/19/2016,7/19/2016,1,1,1
1206,54,2,2,2,2,1,1.64800094963378,7/19/2016,7/19/2016,1,4,1
1212,62,1,2,1,1,1,1.43612034878125,7/19/2016,7/19/2016,1,5,1
1225,68,2,2,4,2,1,1.56908401697526,7/19/2016,7/19/2016,1,3,1
1256,29,2,2,1,1,1,1.10881450720669,7/19/2016,7/19/2016,1,3,3
1259,31,2,1,7,2,1,.690640145780261,7/19/2016,7/19/2016,1,2,1
1269,50,2,2,7,1,1,1.10338612695352,7/19/2016,7/19/2016,1,5,1
1309,52,2,1,3,1,1,1.39870675704771,7/19/2016,7/19/2016,1,1,1
1310,27,2,1,1,1,1,.806724145199995,7/19/2016,7/19/2016,1,1,1
1315,24,1,2,1,1,1,1.82119512555236,7/19/2016,7/19/2016,1,4,1
1317,66,1,4,7,2,1,1.63241184032688,7/20/2016,7/20/2016,1,3,2
1323,28,2,1,2,1,1,1.0374989123252,7/19/2016,7/19/2016,1,1,1
1351,35,2,1,2,2,1,1.07750067291737,7/19/2016,7/19/2016,1,1,1
1371,56,1,2,4,2,1,1.37149627950656,7/19/2016,7/19/2016,1,5,1
1384,68,1,1,1,1,1,.87020072969374,7/19/2016,7/19/2016,1,1,1
1385,81,2,2,1,1,1,1.35615983755355,7/19/2016,7/19/2016,1,5,1
1392,39,2,2,2,1,1,1.28759699235034,7/19/2016,7/19/2016,1,4,2
1398,37,2,1,2,1,1,1.0374989123252,7/19/2016,7/19/2016,1,1,1
1399,36,2,3,7,1,1,1.10017342792153,7/19/2016,7/19/2016,1,3,1
1423,63,1,1,3,1,1,1.08936285396899,7/19/2016,7/19/2016,1,1,1
1430,30,1,2,7,2,1,.687968783958148,7/19/2016,7/19/2016,1,3,1
1443,24,2,1,2,1,1,1.10889270699857,7/19/2016,7/19/2016,1,1,1
1446,39,2,3,2,1,1,2.16284928166402,7/19/2016,7/19/2016,1,3,5
1464,22,1,1,2,1,1,1.33612581528281,7/19/2016,7/19/2016,1,1,1
1477,21,2,3,7,2,1,1.68875901409516,7/19/2016,7/19/2016,1,3,3
1478,40,1,1,1,1,1,1.19056036221332,7/19/2016,7/19/2016,1,3,1
1485,35,2,1,1,1,1,.976486654992029,7/19/2016,7/19/2016,1,3,1
1500,35,2,3,7,2,1,1.38303225322149,7/19/2016,7/19/2016,1,1,1
1505,19,1,1,2,1,1,1.46031676662439,7/20/2016,7/20/2016,1,2,1
1514,45,2,1,2,1,1,.949266016639585,7/19/2016,7/19/2016,1,1,1
1527,18,1,1,7,1,1,.78266981398913,7/19/2016,7/19/2016,1,2,2
1528,31,2,1,2,1,1,1.0374989123252,7/19/2016,7/19/2016,1,1,1
1529,34,2,3,7,1,1,1.21843591461062,7/19/2016,7/19/2016,1,1,5
1531,34,2,1,2,1,1,1.41824975398442,7/19/2016,7/19/2016,1,2,2
1533,38,2,3,7,1,1,1.33168776084653,7/19/2016,7/19/2016,1,1,1
1550,43,2,1,5,1,1,1.0286547692853,7/19/2016,7/19/2016,1,1,1
1589,18,2,1,7,1,1,.635939927256082,7/19/2016,7/19/2016,1,2,1
1595,39,1,2,1,1,1,1.72417713375731,7/19/2016,7/19/2016,1,1,1
1597,18,1,1,7,1,1,.811861006503343,7/20/2016,7/20/2016,1,4,1
1603,22,2,1,2,1,1,1.00897095973428,7/19/2016,7/19/2016,1,1,1
1610,37,2,3,7,2,1,1.05323518582861,7/19/2016,7/19/2016,1,2,1
1611,29,2,1,1,1,1,.976486654992029,7/19/2016,7/19/2016,1,1,1
1619,20,1,2,2,1,1,1.77042731052032,7/19/2016,7/19/2016,1,5,1
13,31,1,2,7,2,2,1.4201013692007,7/20/2016,7/20/2016,1,3,3
14,52,2,1,2,1,2,.924831875941588,7/19/2016,7/19/2016,1,1,1
17,53,1,1,2,1,2,.704207715214719,7/19/2016,7/19/2016,1,1,1
44,61,1,2,4,2,2,.828835696534971,7/19/2016,7/19/2016,1,4,1
77,62,1,2,1,1,2,1.38942113228925,7/19/2016,7/19/2016,1,5,1
79,53,1,1,2,1,2,1.01183749352439,7/19/2016,7/19/2016,1,3,1
80,66,1,2,1,2,2,1.22798302811312,7/20/2016,7/20/2016,1,1,1
87,70,2,1,1,2,2,.705027606828358,7/19/2016,7/19/2016,1,1,1
103,66,2,1,1,1,2,.736447708375255,7/19/2016,7/19/2016,1,3,3
120,65,1,2,1,2,2,.811121208820263,7/19/2016,7/19/2016,1,5,1
121,43,1,1,1,1,2,.906561645820506,7/19/2016,7/19/2016,1,2,1
130,59,1,2,1,1,2,.884757380584309,7/19/2016,7/19/2016,1,4,1
155,42,2,2,6,1,2,.85569581355774,7/19/2016,7/19/2016,1,1,2
184,41,1,2,1,2,2,1.19287625316407,7/19/2016,7/19/2016,1,4,1
213,60,2,1,2,2,2,.642053059009849,7/19/2016,7/19/2016,1,3,1
219,67,1,2,2,1,2,.848071095119502,7/19/2016,7/19/2016,1,5,2
226,42,2,3,1,1,2,1.68271799727612,7/19/2016,7/19/2016,1,3,3
248,48,1,2,2,2,2,1.5678808439983,7/19/2016,7/19/2016,1,4,1
252,72,1,2,1,1,2,.847269453940229,7/19/2016,7/19/2016,1,4,1
305,56,1,3,7,2,2,1.35545022207009,7/19/2016,7/19/2016,1,3,3
309,49,1,1,1,1,2,.660662433198209,7/19/2016,7/19/2016,1,4,3
310,69,2,2,4,2,2,1.81731608066641,7/20/2016,7/20/2016,1,3,1
317,56,1,2,7,2,2,1.22164178017182,7/19/2016,7/19/2016,1,3,1
318,55,1,2,1,2,2,1.34749410231233,7/19/2016,7/19/2016,1,4,1
325,52,2,1,2,1,2,.871669381197817,7/19/2016,7/19/2016,1,1,1
347,27,1,2,4,1,2,1.15219792808467,7/19/2016,7/19/2016,1,4,1
349,65,1,2,1,2,2,1.06510569354732,7/19/2016,7/19/2016,1,5,1
358,66,2,2,4,1,2,.954888593174862,7/19/2016,7/19/2016,1,4,1
361,82,1,2,1,1,2,.926021917461207,7/19/2016,7/19/2016,1,3,1
384,67,2,1,1,1,2,.736447708375255,7/19/2016,7/19/2016,1,2,1
468,43,1,1,3,1,2,.865243819866347,7/19/2016,7/19/2016,1,3,1
475,28,2,1,2,1,2,.729527898469254,7/19/2016,7/19/2016,1,1,1
476,73,1,1,7,2,2,.464054789397999,7/19/2016,7/19/2016,1,2,1
489,55,1,2,7,2,2,1.22164178017182,7/19/2016,7/19/2016,1,3,3
501,45,1,1,1,1,2,.722070045532351,7/19/2016,7/19/2016,1,1,1
504,67,1,2,1,1,2,.847269453940229,7/19/2016,7/19/2016,1,3,2
507,71,2,1,1,2,2,.925791250401547,7/19/2016,7/19/2016,1,3,1
509,67,1,2,1,1,2,.926021917461207,7/19/2016,7/19/2016,1,4,1
512,73,1,1,1,1,2,.61643559093206,7/19/2016,7/19/2016,1,1,1
516,69,1,3,1,1,2,1.42320628326839,7/19/2016,7/19/2016,1,5,1
530,72,1,2,1,1,2,.847269453940229,7/19/2016,7/19/2016,1,2,1
538,35,1,1,1,1,2,.888620442005099,7/19/2016,7/19/2016,1,4,1
546,37,1,1,1,1,2,.971216419728071,7/19/2016,7/19/2016,1,2,1
561,62,1,2,4,2,2,.968047952109976,7/19/2016,7/19/2016,1,5,1
577,62,2,2,1,2,2,1.75270008400353,7/19/2016,7/19/2016,1,5,1
578,41,1,3,7,1,2,1.64586736563456,7/19/2016,7/19/2016,1,3,1
583,44,2,2,4,2,2,1.43580564156479,7/19/2016,7/19/2016,1,3,4
587,48,2,3,7,1,2,1.05634211246739,7/19/2016,7/19/2016,1,3,3
590,61,2,2,1,1,2,1.19694700617115,7/19/2016,7/19/2016,1,3,4
610,60,1,1,2,1,2,1.00871551321156,7/19/2016,7/19/2016,1,1,1
614,64,1,2,7,1,2,1.09257496713779,7/19/2016,7/19/2016,1,5,1
627,68,2,1,1,1,2,.736447708375255,7/19/2016,7/19/2016,1,2,1
637,65,1,2,1,1,2,.816805118859148,7/19/2016,7/19/2016,1,5,1
667,37,2,1,2,2,2,.732131292858386,7/19/2016,7/19/2016,1,3,1
682,40,1,2,4,2,2,1.12531041796063,7/19/2016,7/19/2016,1,5,1
701,32,2,2,1,2,2,1.15222283248297,7/19/2016,7/19/2016,1,3,3
708,66,2,1,1,2,2,.705027606828358,7/19/2016,7/19/2016,1,5,1
740,67,1,1,3,1,2,.766213820026121,7/19/2016,7/19/2016,1,1,1
745,66,1,1,2,2,2,.77565674672143,7/19/2016,7/19/2016,1,1,1
757,68,1,3,7,1,2,1.22316463177392,7/19/2016,7/19/2016,1,5,1
784,66,2,2,7,2,2,1.15362303692196,7/19/2016,7/19/2016,1,3,2
795,69,1,1,2,1,2,.594833362583606,7/19/2016,7/19/2016,1,1,1
817,22,1,2,7,2,2,1.47032351367598,7/19/2016,7/19/2016,1,3,3
825,90,1,1,3,1,2,.766213820026121,7/19/2016,7/19/2016,1,1,1
839,22,2,1,5,1,2,.794853102091583,7/19/2016,7/19/2016,1,2,1
840,30,2,1,5,2,2,.518806169957079,7/19/2016,7/19/2016,1,1,1
841,35,1,2,1,1,2,1.22137814190674,7/19/2016,7/19/2016,1,4,1
847,57,2,1,2,1,2,.871669381197817,7/19/2016,7/19/2016,1,2,1
848,46,1,1,1,1,2,.990825232345406,7/19/2016,7/19/2016,1,3,1
849,62,1,2,1,2,2,.847009735468194,7/19/2016,7/19/2016,1,5,1
860,60,1,1,1,1,2,1.1014320368806,7/19/2016,7/19/2016,1,2,1
873,76,2,2,4,2,2,1.38395994415286,7/19/2016,7/19/2016,1,3,1
875,70,2,2,1,1,2,1.0122219691877,7/19/2016,7/19/2016,1,3,1
885,57,1,2,1,2,2,1.02617144173325,7/19/2016,7/19/2016,1,3,2
908,40,2,1,1,2,2,1.14595535904018,7/19/2016,7/19/2016,1,2,1
923,38,2,3,7,2,2,2.01039945538502,7/19/2016,7/19/2016,1,3,3
925,18,2,2,7,1,2,.794651115701546,7/19/2016,7/19/2016,1,3,2
944,69,2,2,1,2,2,1.46705560204632,7/19/2016,7/19/2016,1,1,1
952,47,1,2,2,1,2,1.33616647836871,7/19/2016,7/19/2016,1,5,2
955,35,2,1,3,2,2,.793520150577991,7/19/2016,7/19/2016,1,4,1
961,38,2,1,2,1,2,.602699245589754,7/19/2016,7/19/2016,1,1,1
964,52,2,4,2,2,2,1.77299490125205,7/19/2016,7/19/2016,1,4,1
973,69,2,1,2,1,2,.710639802736706,7/19/2016,7/19/2016,1,1,1
978,42,1,2,7,1,2,.979825033470755,7/19/2016,7/19/2016,1,4,1
992,41,1,2,7,2,2,.938021383734695,7/19/2016,7/19/2016,1,3,1
999,41,1,1,1,1,2,.971216419728071,7/19/2016,7/19/2016,1,1,1
1002,60,2,2,3,1,2,1.04265730475812,7/19/2016,7/19/2016,1,3,4
1003,68,2,2,1,2,2,1.27246813572906,7/19/2016,7/19/2016,1,5,1
1021,35,1,2,4,1,2,.936246310648799,7/19/2016,7/19/2016,1,5,1
1034,73,2,1,1,1,2,.775958568263395,7/19/2016,7/19/2016,1,2,1
1039,59,2,2,1,2,2,1.05450943916939,7/19/2016,7/19/2016,1,4,1
1040,43,2,1,5,1,2,.655967286394787,7/19/2016,7/19/2016,1,1,1
1044,28,2,1,2,2,2,.808928704680768,7/19/2016,7/19/2016,1,1,1
1050,62,2,2,4,2,2,.959012613803681,7/19/2016,7/19/2016,1,5,1
1058,31,1,1,1,1,2,.888620442005099,7/19/2016,7/19/2016,1,1,1
1078,60,1,1,1,2,2,.616246631317098,7/19/2016,7/19/2016,1,1,1
1079,22,1,1,2,1,2,1.42235569817303,7/19/2016,7/20/2016,1,1,1
1086,33,1,1,1,1,2,.660662433198209,7/19/2016,7/19/2016,1,3,1
1094,32,1,1,5,1,2,.594607798836868,7/19/2016,7/19/2016,1,1,1
1118,66,2,1,2,1,2,.737144495928104,7/19/2016,7/19/2016,1,1,1
1130,67,2,1,5,1,2,.724423650084511,7/19/2016,7/19/2016,1,2,1
1141,71,2,2,1,1,2,1.0122219691877,7/19/2016,7/19/2016,1,4,1
1144,21,2,1,7,1,2,.631891291520673,7/19/2016,7/19/2016,1,2,1
1164,71,1,2,1,2,2,1.06510569354732,7/19/2016,7/19/2016,1,4,2
1166,59,1,2,1,1,2,.966994292366445,7/19/2016,7/20/2016,1,2,1
1186,21,1,3,7,1,2,1.70407376583723,7/19/2016,7/19/2016,1,4,3
1188,43,1,2,3,1,2,1.46355591890746,7/19/2016,7/19/2016,1,5,3
1197,19,2,1,7,1,2,.578152827077913,7/19/2016,7/19/2016,1,1,1
1211,64,1,2,1,1,2,1.00306022469715,7/19/2016,7/19/2016,1,3,3
1230,20,1,1,1,1,2,1.02586594778153,7/20/2016,7/20/2016,1,1,1
1238,49,2,1,1,1,2,.60212954272314,7/19/2016,7/19/2016,1,2,1
1241,64,2,2,1,1,2,1.13599993065885,7/19/2016,7/19/2016,1,4,1
1245,54,1,1,5,1,2,.656816650823622,7/19/2016,7/19/2016,1,1,1
1248,54,2,1,1,1,2,.643046070595156,7/19/2016,7/19/2016,1,4,1
1255,24,2,1,1,1,2,1.28895986160997,7/19/2016,7/19/2016,1,3,1
1257,70,2,2,1,1,2,1.10630652910294,7/19/2016,7/19/2016,1,4,1
1258,36,2,1,1,1,2,.634434152713076,7/19/2016,7/19/2016,1,1,1
1280,34,2,1,7,1,2,.457535131751844,7/19/2016,7/19/2016,1,3,1
1292,68,2,2,7,1,2,.838667324638986,7/19/2016,7/19/2016,1,5,1
1320,68,1,2,4,1,2,.842160976959557,7/19/2016,7/19/2016,1,4,1
1327,22,1,2,7,2,2,.93627450334523,7/19/2016,7/19/2016,1,3,3
1346,45,2,2,7,1,2,.628866254545288,7/19/2016,7/19/2016,1,3,4
1349,41,1,2,1,2,2,1.56639880097623,7/19/2016,7/19/2016,1,4,2
1355,81,1,2,1,1,2,.926021917461207,7/19/2016,7/19/2016,1,4,1
1357,47,1,2,1,1,2,1.17746239255131,7/19/2016,7/19/2016,1,4,1
1358,64,2,1,1,1,2,.667029724118955,7/19/2016,7/19/2016,1,2,1
1388,66,1,2,3,2,2,1.32389938898646,7/19/2016,7/19/2016,1,4,1
1429,58,1,2,4,1,2,1.4281324745989,7/19/2016,7/19/2016,1,5,1
1438,47,1,1,1,1,2,.906561645820506,7/19/2016,7/19/2016,1,2,1
1441,47,2,2,7,2,2,.790550190474844,7/19/2016,7/19/2016,1,3,1
1452,64,1,1,7,1,2,.794908977743781,7/19/2016,7/19/2016,1,3,1
1458,21,1,1,5,1,2,.876284207528291,7/19/2016,7/19/2016,1,1,1
1459,27,2,2,4,1,2,1.14215356209515,7/19/2016,7/19/2016,1,3,1
1472,45,1,2,7,2,2,1.2317418230724,7/19/2016,7/19/2016,1,3,1
1474,49,2,2,1,2,2,.792296956477672,7/19/2016,7/19/2016,1,3,1
1487,54,2,2,4,2,2,.99478085391303,7/19/2016,7/19/2016,1,5,1
1491,21,2,1,2,2,2,.925139398886339,7/19/2016,7/19/2016,1,1,1
1507,25,2,1,7,2,2,.502010764853445,7/19/2016,7/19/2016,1,3,1
1544,29,2,1,1,1,2,.658096608014689,7/19/2016,7/19/2016,1,3,1
1548,23,2,1,2,1,2,.852203862757364,7/19/2016,7/19/2016,1,1,1
1563,21,1,2,1,1,2,1.41001735490079,7/19/2016,7/19/2016,1,4,3
1567,34,2,2,1,1,2,.799725501434281,7/19/2016,7/19/2016,1,3,2
1575,18,2,1,2,1,2,.804332720466839,7/19/2016,7/19/2016,1,1,1
1578,64,2,2,4,1,2,1.17126446607716,7/19/2016,7/19/2016,1,4,1
1591,35,2,2,1,1,2,.799725501434281,7/19/2016,7/19/2016,1,3,1
1602,20,1,3,7,2,2,1.6313704765784,7/20/2016,7/20/2016,1,3,1
1607,21,2,3,7,1,2,1.41426424780553,7/19/2016,7/19/2016,1,3,3
1613,19,2,1,2,2,2,.891875179914069,7/19/2016,7/19/2016,1,3,3
1615,63,2,2,4,1,2,1.12915059899839,7/19/2016,7/19/2016,1,4,1
1617,41,1,4,7,1,2,1.19943607091111,7/19/2016,7/19/2016,1,3,5
1621,31,1,2,1,2,2,1.100478379652,7/19/2016,7/19/2016,1,4,1
1631,43,2,1,7,2,2,.686243267624522,7/19/2016,7/19/2016,1,3,1
1632,37,1,2,1,2,2,1.14152286056078,7/19/2016,7/19/2016,1,3,1
1639,30,1,1,1,1,2,.888620442005099,7/19/2016,7/19/2016,1,2,1
2,49,2,2,1,2,3,.757087426492132,7/19/2016,7/19/2016,1,5,1
5,47,2,2,2,2,3,1.25613570788823,7/19/2016,7/19/2016,1,3,3
7,36,2,2,1,1,3,.906371416038618,7/19/2016,7/19/2016,1,3,1
9,45,1,1,1,1,3,.688362354222277,7/19/2016,7/19/2016,1,3,1
11,72,2,2,4,1,3,1.06701615696914,7/19/2016,7/19/2016,1,2,1
12,40,1,2,1,2,3,2.34503770511436,7/19/2016,7/19/2016,1,3,1
18,49,1,2,1,2,3,.859643819412679,7/19/2016,7/19/2016,1,2,1
27,73,1,1,1,2,3,.766301619010276,7/19/2016,7/19/2016,1,3,1
29,48,2,1,4,1,3,.561180563999193,7/19/2016,7/19/2016,1,3,1
33,69,1,1,3,2,3,.544504585038863,7/19/2016,7/19/2016,1,1,1
45,56,1,3,7,2,3,2.07645965038775,7/20/2016,7/20/2016,1,3,5
47,68,1,2,7,1,3,1.02065464999296,7/20/2016,7/20/2016,1,5,1
54,44,1,2,1,1,3,1.20778887294952,7/19/2016,7/19/2016,1,5,1
60,69,2,2,1,2,3,1.90499747253478,7/20/2016,7/20/2016,1,3,1
63,32,2,1,7,1,3,.479115915601519,7/19/2016,7/19/2016,1,3,5
65,49,1,1,7,2,3,.50326239770791,7/19/2016,7/19/2016,1,1,1
71,70,2,2,1,2,3,1.25831043047577,7/19/2016,7/19/2016,1,4,1
76,66,2,2,1,1,3,1.00095980875454,7/19/2016,7/19/2016,1,4,1
88,76,2,4,3,2,3,1.50188229520219,7/19/2016,7/19/2016,1,3,3
89,60,1,2,1,2,3,2.01731798784081,7/20/2016,7/20/2016,1,2,1
94,78,1,1,1,1,3,.609577019657068,7/19/2016,7/19/2016,1,2,1
96,48,1,1,2,1,3,1.02073498921571,7/19/2016,7/19/2016,1,4,1
97,66,2,2,1,1,3,1.09399756723659,7/19/2016,7/19/2016,1,4,1
109,62,1,2,1,2,3,1.33250164490187,7/19/2016,7/19/2016,1,1,2
111,74,2,2,4,2,3,.934620896926903,7/19/2016,7/19/2016,1,3,2
114,76,1,2,4,2,3,1.02727856520593,7/19/2016,7/19/2016,1,3,4
115,66,1,1,1,2,3,.883485449623516,7/20/2016,7/20/2016,1,2,1
125,42,1,2,1,2,3,1.12882207556984,7/19/2016,7/19/2016,1,5,1
131,50,1,1,2,1,3,1.20076435940462,7/19/2016,7/19/2016,1,1,1
136,68,1,3,7,1,3,1.71445117507984,7/20/2016,7/20/2016,1,3,3
141,69,2,4,1,2,3,2.43687783595725,7/20/2016,7/20/2016,1,3,3
144,75,2,2,1,1,3,1.51538591718208,7/20/2016,7/20/2016,1,3,1
152,45,2,1,5,1,3,.516122508427251,7/19/2016,7/19/2016,1,1,1
154,68,1,2,1,1,3,.915718834030367,7/19/2016,7/19/2016,1,1,1
159,72,2,2,1,1,3,1.09399756723659,7/19/2016,7/19/2016,1,3,1
160,59,1,2,1,2,3,1.53626951276794,7/19/2016,7/19/2016,1,5,1
163,46,1,2,4,2,3,1.15051136543772,7/19/2016,7/19/2016,1,1,1
172,65,1,1,1,1,3,.642281191237474,7/19/2016,7/19/2016,1,3,1
176,47,2,2,6,1,3,.785648315354922,7/19/2016,7/19/2016,1,3,1
182,58,2,2,2,1,3,1.35356185144587,7/19/2016,7/19/2016,1,2,4
189,46,1,2,2,2,3,1.24447076216249,7/19/2016,7/19/2016,1,4,2
192,50,1,2,6,1,3,.719764528223964,7/19/2016,7/19/2016,1,5,1
199,46,2,3,7,1,3,1.67466271782116,7/19/2016,7/19/2016,1,3,1
202,60,2,2,4,2,3,1.01705863580375,7/19/2016,7/19/2016,1,5,1
203,42,2,2,4,2,3,1.00343779920537,7/19/2016,7/19/2016,1,5,1
204,47,1,1,2,2,3,.689515295966595,7/19/2016,7/19/2016,1,3,1
206,47,2,1,5,1,3,.571602789748105,7/19/2016,7/19/2016,1,1,1
207,44,2,2,1,2,3,.99415243948891,7/19/2016,7/19/2016,1,2,1
211,30,2,2,7,1,3,.719737544973129,7/19/2016,7/19/2016,1,3,1
216,70,2,1,1,1,3,.728253861082046,7/19/2016,7/19/2016,1,3,2
228,49,2,2,3,1,3,.845697307295319,7/19/2016,7/19/2016,1,4,1
230,70,2,1,1,1,3,.728253861082046,7/19/2016,7/19/2016,1,3,1
234,71,1,1,1,1,3,.642281191237474,7/19/2016,7/19/2016,1,1,1
236,69,2,1,2,1,3,.845938162271127,7/19/2016,7/19/2016,1,1,1
238,48,2,1,1,1,3,.575371017379382,7/19/2016,7/19/2016,1,3,1
242,40,2,1,1,1,3,.595430143067614,7/19/2016,7/19/2016,1,3,1
265,49,2,2,1,2,3,1.50508001735675,7/19/2016,7/19/2016,1,1,1
274,67,2,2,1,2,3,.958254456456259,7/19/2016,7/19/2016,1,4,1
283,37,1,3,7,1,3,1.66543677489132,7/19/2016,7/19/2016,1,1,5
289,42,2,3,7,2,3,1.54920441174037,7/19/2016,7/19/2016,1,3,3
306,64,2,2,1,1,3,1.18362956234575,7/19/2016,7/19/2016,1,4,1
313,45,2,2,2,1,3,1.09210682456883,7/19/2016,7/19/2016,1,3,1
322,55,2,2,4,2,3,1.01705863580375,7/19/2016,7/19/2016,1,5,1
339,59,2,2,7,2,3,.865352743203237,7/19/2016,7/19/2016,1,3,1
346,68,2,2,1,2,3,1.25831043047577,7/19/2016,7/19/2016,1,3,1
348,74,2,2,2,2,3,1.0564283597747,7/19/2016,7/19/2016,1,4,1
354,66,2,2,4,2,3,1.22727654979336,7/19/2016,7/19/2016,1,4,1
370,69,1,1,2,1,3,.70808339142237,7/19/2016,7/19/2016,1,2,1
378,58,1,3,7,1,3,1.43269148989483,7/19/2016,7/19/2016,1,4,5
382,60,1,2,2,2,3,1.11871640974042,7/19/2016,7/19/2016,1,5,1
388,46,1,2,4,2,3,1.1009817837337,7/19/2016,7/19/2016,1,4,1
394,59,1,2,1,2,3,2.01731798784081,7/19/2016,7/19/2016,1,1,1
395,44,2,2,4,2,3,1.00343779920537,7/19/2016,7/19/2016,1,3,1
396,41,2,2,1,2,3,1.02881151708339,7/19/2016,7/19/2016,1,4,1
400,73,1,2,1,2,3,1.05325513945529,7/19/2016,7/19/2016,1,4,1
403,35,1,1,1,2,3,1.24336391004361,7/19/2016,7/19/2016,1,3,1
404,62,2,2,4,2,3,1.11659716391821,7/19/2016,7/19/2016,1,4,1
415,70,2,1,1,2,3,.882573440884057,7/19/2016,7/19/2016,1,2,1
422,70,1,2,1,2,3,1.05325513945529,7/19/2016,7/19/2016,1,1,2
430,76,2,2,1,1,3,1.05466190098403,7/19/2016,7/19/2016,1,5,1
431,70,2,3,7,2,3,1.9608462372573,7/19/2016,7/19/2016,1,4,3
433,67,2,1,1,2,3,.697183345135165,7/19/2016,7/19/2016,1,3,1
434,31,2,1,2,1,3,.656432417468282,7/19/2016,7/19/2016,1,1,1
439,76,2,1,2,1,3,.87748907085174,7/19/2016,7/19/2016,1,3,1
460,72,2,2,3,2,3,1.17407690044545,7/19/2016,7/19/2016,1,3,2
461,45,1,2,7,2,3,.949174484363081,7/19/2016,7/19/2016,1,4,1
466,36,2,2,4,1,3,.872406748459401,7/19/2016,7/19/2016,1,3,1
469,69,1,1,1,2,3,.738748555240376,7/19/2016,7/19/2016,1,2,1
472,74,2,2,1,1,3,1.00095980875454,7/19/2016,7/19/2016,1,3,3
483,32,2,1,1,1,3,.720729126734364,7/19/2016,7/19/2016,1,3,1
494,31,2,1,7,1,3,.53061819529064,7/19/2016,7/19/2016,1,3,1
527,64,2,2,2,2,3,1.14961006109505,7/19/2016,7/19/2016,1,3,1
531,37,1,3,7,1,3,1.21369739952062,7/19/2016,7/19/2016,1,2,1
532,72,1,1,1,1,3,.609577019657068,7/19/2016,7/19/2016,1,3,1
536,60,2,2,1,1,3,.906608761891206,7/19/2016,7/19/2016,1,4,4
539,29,2,1,2,1,3,.794568378020995,7/19/2016,7/19/2016,1,1,1
543,51,2,3,4,1,3,2.25880257343996,7/19/2016,7/19/2016,1,3,3
599,64,2,1,1,1,3,.603512613840483,7/19/2016,7/19/2016,1,1,1
601,61,2,2,2,1,3,1.0039912498886,7/19/2016,7/19/2016,1,4,1
603,63,2,2,4,1,3,.884248947126317,7/19/2016,7/19/2016,1,5,1
608,49,1,2,1,1,3,1.20778887294952,7/19/2016,7/19/2016,1,2,1
618,67,1,2,1,1,3,.882793339938465,7/19/2016,7/19/2016,1,1,1
635,69,1,2,2,1,3,.890468446952971,7/19/2016,7/19/2016,1,3,1
636,45,2,1,2,1,3,.717446855992233,7/19/2016,7/19/2016,1,1,1
641,38,2,3,7,1,3,1.85467958820604,7/19/2016,7/19/2016,1,3,3
651,43,2,2,2,2,3,1.30765951806173,7/19/2016,7/19/2016,1,3,1
656,50,1,1,7,2,3,1.18100108972306,7/20/2016,7/20/2016,1,3,3
657,69,2,1,2,1,3,.845938162271127,7/19/2016,7/19/2016,1,1,1
659,22,1,2,1,1,3,1.26941485885394,7/19/2016,7/19/2016,1,3,1
664,68,1,2,4,1,3,.817178759121768,7/19/2016,7/19/2016,1,5,1
670,43,1,1,1,2,3,1.06494024249272,7/19/2016,7/19/2016,1,2,1
673,53,2,2,7,2,3,.701527521260394,7/19/2016,7/19/2016,1,4,1
680,48,2,2,2,2,3,1.65927661838999,7/19/2016,7/19/2016,1,3,1
688,45,1,2,1,2,3,1.51831604361413,7/19/2016,7/19/2016,1,1,2
703,44,2,1,2,2,3,.913908501931624,7/19/2016,7/19/2016,1,1,1
712,50,2,1,2,2,3,.636956484332919,7/19/2016,7/19/2016,1,4,1
723,64,1,1,2,1,3,1.20076435940462,7/19/2016,7/19/2016,1,1,1
725,73,1,1,1,2,3,.583569780255733,7/19/2016,7/19/2016,1,3,1
743,44,2,2,4,1,3,.771323325609001,7/19/2016,7/19/2016,1,4,1
746,50,2,1,2,1,3,.665342943564957,7/19/2016,7/19/2016,1,3,3
747,48,2,2,1,1,3,.818398190496518,7/19/2016,7/19/2016,1,4,1
753,67,1,1,1,1,3,.922858663201995,7/19/2016,7/19/2016,1,1,1
766,65,2,1,1,2,3,.91549073341316,7/19/2016,7/19/2016,1,3,1
769,43,2,1,2,1,3,.656432417468282,7/19/2016,7/19/2016,1,1,1
771,49,1,1,2,1,3,.988319639755004,7/19/2016,7/19/2016,1,2,1
772,75,1,1,1,2,3,.766301619010276,7/19/2016,7/19/2016,1,4,1
775,66,1,1,1,1,3,.609577019657068,7/19/2016,7/19/2016,1,2,1
785,52,1,2,1,1,3,1.37396218733706,7/20/2016,7/20/2016,1,3,1
786,27,1,4,7,1,3,1.32650880767035,7/19/2016,7/19/2016,1,5,5
796,28,2,1,1,2,3,1.2550184807808,7/19/2016,7/19/2016,1,3,1
806,58,2,1,2,1,3,.701038990306355,7/19/2016,7/19/2016,1,1,1
807,32,2,1,2,1,3,.794568378020995,7/19/2016,7/19/2016,1,1,1
809,47,2,1,3,1,3,.593168398170075,7/19/2016,7/19/2016,1,1,1
837,20,1,1,2,2,3,.979614466744885,7/20/2016,7/20/2016,1,3,1
842,28,1,2,7,1,3,.789703085445002,7/19/2016,7/19/2016,1,4,2
851,57,1,2,4,2,3,.847397192564991,7/19/2016,7/19/2016,1,5,1
857,43,1,1,2,1,3,.694347055844269,7/19/2016,7/19/2016,1,2,1
866,19,1,1,7,1,3,.720009888684009,7/19/2016,7/19/2016,1,2,1
881,51,2,1,2,1,3,.727185602530609,7/19/2016,7/19/2016,1,1,1
886,48,2,3,1,1,3,1.39966707523491,7/19/2016,7/19/2016,1,1,5
910,68,1,1,3,2,3,.544504585038863,7/20/2016,7/20/2016,1,3,2
911,62,2,4,3,1,3,1.30009547127447,7/19/2016,7/19/2016,1,3,1
913,24,1,1,1,1,3,1.01445198203239,7/19/2016,7/19/2016,1,2,1
928,47,2,2,4,2,3,.764158604726534,7/19/2016,7/19/2016,1,4,1
929,71,2,2,7,2,3,1.01250593546098,7/19/2016,7/19/2016,1,3,1
941,61,1,1,5,1,3,.572342916713435,7/19/2016,7/19/2016,1,2,1
957,23,1,2,7,1,3,1.02653888164737,7/20/2016,7/20/2016,1,3,1
963,18,1,1,3,1,3,.834905701576275,7/19/2016,7/19/2016,1,1,1
965,45,2,2,1,2,3,.99415243948891,7/19/2016,7/19/2016,1,3,2
966,57,1,1,5,1,3,.572342916713435,7/19/2016,7/19/2016,1,2,1
970,59,1,2,4,2,3,.989727059676261,7/19/2016,7/19/2016,1,5,1
975,50,2,1,1,2,3,.577764108690625,7/19/2016,7/19/2016,1,3,1
987,24,1,1,5,2,3,.754505491391195,7/19/2016,7/19/2016,1,1,1
988,67,1,1,5,1,3,.483449207306335,7/19/2016,7/19/2016,1,2,1
989,43,1,3,7,2,3,3.16961062680634,7/19/2016,7/19/2016,1,3,1
1006,72,2,1,2,2,3,.740974238114935,7/19/2016,7/19/2016,1,2,1
1014,50,1,2,7,2,3,1.07220427630449,7/19/2016,7/19/2016,1,5,1
1019,40,2,2,7,1,3,.797105303248137,7/19/2016,7/19/2016,1,4,1
1027,19,2,1,2,1,3,.876042364427116,7/19/2016,7/19/2016,1,3,4
1030,25,2,3,7,2,3,1.02329798245777,7/19/2016,7/19/2016,1,3,3
1041,62,2,3,7,2,3,1.17839533987723,7/19/2016,7/19/2016,1,2,3
1046,44,2,3,7,1,3,1.10616711872031,7/19/2016,7/19/2016,1,3,1
1057,57,2,2,2,2,3,.843996233421565,7/19/2016,7/19/2016,1,5,1
1063,37,2,2,7,1,3,.996967609785925,7/19/2016,7/19/2016,1,2,4
1072,27,2,1,2,2,3,.881048099958183,7/19/2016,7/19/2016,1,2,1
1082,21,2,1,2,1,3,.772720250038267,7/19/2016,7/19/2016,1,3,1
1088,22,1,2,2,2,3,1.76805586357068,7/20/2016,7/20/2016,1,3,1
1089,48,2,1,2,1,3,.700855461640137,7/19/2016,7/19/2016,1,1,1
1098,40,1,1,1,2,3,1.06494024249272,7/19/2016,7/19/2016,1,4,1
1102,45,2,1,2,1,3,.691650409156847,7/19/2016,7/19/2016,1,1,1
1115,26,1,1,2,1,3,.720244079361148,7/19/2016,7/19/2016,1,1,1
1119,64,1,1,2,2,3,1.05177363552992,7/19/2016,7/19/2016,1,1,1
1120,58,1,2,1,1,3,1.55287152962373,7/19/2016,7/19/2016,1,3,5
1123,62,2,1,2,1,3,.665342943564957,7/19/2016,7/19/2016,1,2,1
1132,74,1,2,1,1,3,.915718834030367,7/19/2016,7/19/2016,1,5,1
1138,62,1,1,3,1,3,.673352990254179,7/19/2016,7/19/2016,1,2,1
1152,73,2,1,1,2,3,.697183345135165,7/19/2016,7/19/2016,1,3,2
1155,46,2,2,2,1,3,.999229862111329,7/19/2016,7/19/2016,1,1,1
1158,59,2,1,2,1,3,.949382371588772,7/19/2016,7/19/2016,1,1,1
1159,44,2,1,5,1,3,.571602789748105,7/19/2016,7/19/2016,1,1,1
1160,56,2,1,2,1,3,.868643245250398,7/19/2016,7/19/2016,1,1,1
1162,36,2,2,1,1,3,.790827614237791,7/19/2016,7/19/2016,1,5,1
1165,66,2,2,1,1,3,1.00095980875454,7/19/2016,7/19/2016,1,2,1
1168,70,2,2,7,1,3,.805427439029229,7/19/2016,7/19/2016,1,3,3
1180,75,1,1,2,1,3,.734492738283184,7/19/2016,7/19/2016,1,1,1
1187,29,2,2,1,2,3,1.13940299771433,7/19/2016,7/19/2016,1,5,1
1189,34,2,2,4,1,3,.843016706953523,7/19/2016,7/19/2016,1,5,1
1194,47,2,3,7,1,3,1.10616711872031,7/19/2016,7/19/2016,1,4,1
1201,23,2,2,7,1,3,.821323931017503,7/19/2016,7/19/2016,1,3,2
1202,46,2,1,3,1,3,1.01809294427039,7/19/2016,7/19/2016,1,3,1
1218,48,2,2,7,1,3,.996967609785925,7/19/2016,7/19/2016,1,4,1
1220,65,2,2,4,2,3,1.22727654979336,7/19/2016,7/19/2016,1,4,1
1221,68,2,1,7,1,3,.640460416676134,7/19/2016,7/19/2016,1,1,1
1244,64,2,4,4,2,3,1.4283540632862,7/19/2016,7/19/2016,1,3,1
1246,53,2,1,2,1,3,.949382371588772,7/19/2016,7/19/2016,1,1,1
1249,66,1,2,2,1,3,.973236194048209,7/19/2016,7/19/2016,1,5,1
1252,65,1,1,2,2,3,.64335695139842,7/19/2016,7/19/2016,1,2,1
1264,53,2,1,2,1,3,.798354542052687,7/19/2016,7/19/2016,1,1,1
1270,18,1,2,7,2,3,.947406833516664,7/19/2016,7/19/2016,1,4,1
1276,32,2,2,7,1,3,.634850320369221,7/19/2016,7/19/2016,1,3,1
1279,47,2,1,7,2,3,.694402719372728,7/19/2016,7/19/2016,1,3,3
1285,65,2,3,7,1,3,1.35292189115557,7/19/2016,7/19/2016,1,1,2
1288,20,2,1,2,1,3,.876042364427116,7/19/2016,7/19/2016,1,1,1
1291,61,2,2,4,1,3,.888229848995879,7/19/2016,7/19/2016,1,5,1
1316,25,2,1,7,1,3,.487814135636799,7/19/2016,7/19/2016,1,2,4
1322,22,1,3,7,2,3,2.49915114129047,7/20/2016,7/20/2016,1,3,4
1337,56,2,2,4,2,3,.850334053089329,7/19/2016,7/19/2016,1,3,1
1341,74,1,2,1,2,3,1.05325513945529,7/19/2016,7/19/2016,1,3,1
1345,58,2,1,2,1,3,.665342943564957,7/19/2016,7/19/2016,1,2,1
1350,32,2,1,2,2,3,.585420996742331,7/19/2016,7/19/2016,1,3,1
1352,61,2,2,2,2,3,.961156562965222,7/19/2016,7/19/2016,1,4,2
1374,70,1,1,1,1,3,.609577019657068,7/19/2016,7/19/2016,1,3,1
1380,45,1,2,4,1,3,1.20178479584356,7/19/2016,7/19/2016,1,5,1
1386,42,2,2,4,1,3,.798213925008889,7/19/2016,7/19/2016,1,5,1
1389,21,1,3,7,1,3,1.66233522636332,7/19/2016,7/19/2016,1,1,1
1393,30,2,2,7,2,3,.609194277040465,7/19/2016,7/19/2016,1,4,1
1414,32,1,2,1,1,3,.98141807824754,7/19/2016,7/19/2016,1,1,1
1415,20,2,1,5,2,3,1.13833297709851,7/19/2016,7/19/2016,1,1,1
1417,44,1,2,4,1,3,.87580813843499,7/19/2016,7/19/2016,1,2,1
1426,33,2,1,2,1,3,.700855461640137,7/19/2016,7/19/2016,1,1,1
1427,42,1,1,7,2,3,.676910373321589,7/19/2016,7/19/2016,1,1,1
1435,47,2,2,2,1,3,.999229862111329,7/19/2016,7/19/2016,1,4,1
1440,62,2,1,2,1,3,.769648986612809,7/19/2016,7/19/2016,1,4,1
1444,54,1,2,4,2,3,.816928264526794,7/19/2016,7/19/2016,1,5,1
1454,55,2,1,1,1,3,.662577799627651,7/19/2016,7/19/2016,1,3,2
1460,47,2,2,1,1,3,.862305742749962,7/19/2016,7/19/2016,1,3,1
1462,21,1,4,7,2,3,2.08972801503683,7/19/2016,7/19/2016,1,3,5
1463,27,2,2,7,1,3,.797105303248137,7/19/2016,7/19/2016,1,1,1
1465,33,1,1,7,1,3,1.09208039427,7/19/2016,7/19/2016,1,1,1
1467,42,2,2,2,1,3,1.09210682456883,7/19/2016,7/19/2016,1,4,1
1469,22,2,3,5,1,3,1.50928555927471,7/19/2016,7/19/2016,1,5,4
1475,52,1,2,2,1,3,1.16857287331118,7/19/2016,7/19/2016,1,4,1
1482,65,1,1,2,1,3,.647865257918919,7/19/2016,7/19/2016,1,1,1
1494,18,2,1,7,1,3,.616414133111751,7/19/2016,7/19/2016,1,3,2
1498,44,1,2,3,2,3,.773257593347571,7/19/2016,7/19/2016,1,4,1
1501,39,1,1,7,2,3,1.02479683794931,7/20/2016,7/20/2016,1,1,1
1511,18,2,1,7,1,3,.585027080448675,7/19/2016,7/19/2016,1,1,1
1512,18,1,3,7,1,3,1.81684686804355,7/19/2016,7/19/2016,1,5,1
1515,18,2,1,7,1,3,.585027080448675,7/19/2016,7/19/2016,1,2,1
1516,18,2,1,7,2,3,.735439795884827,7/19/2016,7/19/2016,1,2,3
1517,19,1,1,2,1,3,1.02327174445121,7/19/2016,7/19/2016,1,3,1
1519,41,2,1,2,1,3,.691650409156847,7/19/2016,7/19/2016,1,1,1
1521,19,1,1,1,1,3,.894805572240224,7/19/2016,7/19/2016,1,1,1
1526,67,2,2,7,1,3,1.21936304309319,7/19/2016,7/19/2016,1,3,3
1532,26,2,1,3,1,3,.615291766920017,7/19/2016,7/19/2016,1,3,1
1537,34,1,4,7,2,3,1.16191572499511,7/19/2016,7/19/2016,1,3,3
1538,43,2,1,7,1,3,.579938384840565,7/19/2016,7/19/2016,1,2,1
1541,24,2,1,2,1,3,.772720250038267,7/19/2016,7/19/2016,1,1,1
1545,46,1,2,1,1,3,1.32005109214751,7/19/2016,7/19/2016,1,5,1
1546,27,1,1,7,1,3,.574552860218542,7/19/2016,7/19/2016,1,3,2
1549,52,2,2,4,2,3,.746682450716881,7/19/2016,7/19/2016,1,3,1
1551,26,2,1,2,1,3,.717446855992233,7/19/2016,7/19/2016,1,3,1
1553,52,1,2,2,1,3,1.65040918803108,7/19/2016,7/19/2016,1,2,1
1558,40,2,2,7,1,3,.695490694112044,7/19/2016,7/19/2016,1,3,1
1560,22,2,2,7,2,3,.769793113289623,7/19/2016,7/19/2016,1,3,3
1566,19,2,1,2,2,3,1.00761946617648,7/19/2016,7/19/2016,1,2,1
1580,20,1,3,7,1,3,1.77976540364365,7/19/2016,7/19/2016,1,3,5
1593,40,1,2,1,2,3,1.54897077122001,7/19/2016,7/19/2016,1,5,1
1594,20,1,2,7,2,3,.982742213484252,7/20/2016,7/20/2016,1,2,1
1596,20,2,1,2,1,3,.876042364427116,7/19/2016,7/19/2016,1,1,1
1605,24,2,2,4,1,3,1.03267207662418,7/19/2016,7/19/2016,1,4,1
1628,33,2,1,7,1,3,.53061819529064,7/19/2016,7/19/2016,1,2,1
1634,28,2,2,7,2,3,.954432582271821,7/19/2016,7/19/2016,1,3,1
1638,64,1,1,3,1,3,1.05416946116631,7/19/2016,7/19/2016,1,1,1
10,57,1,2,2,1,4,1.61032258559003,7/19/2016,7/19/2016,1,4,2
19,45,1,1,2,1,4,.768069756839459,7/19/2016,7/19/2016,1,3,1
20,67,2,2,2,2,4,1.03076889061224,7/19/2016,7/19/2016,1,5,1
23,67,1,3,7,2,4,2.17772213622544,7/19/2016,7/19/2016,1,2,2
24,68,1,1,2,1,4,.716652727085404,7/19/2016,7/19/2016,1,2,1
26,79,1,2,1,2,4,.839454253355667,7/19/2016,7/19/2016,1,5,1
30,30,2,1,1,1,4,.690148824947609,7/19/2016,7/19/2016,1,1,1
31,35,1,3,1,1,4,1.72532435378492,7/19/2016,7/19/2016,1,3,5
34,34,2,2,2,1,4,.848676187966359,7/19/2016,7/19/2016,1,3,3
36,58,2,1,1,1,4,.690329549933383,7/19/2016,7/19/2016,1,2,1
37,65,1,1,2,1,4,.690884833868944,7/19/2016,7/19/2016,1,2,1
38,65,1,2,4,2,4,.687874862427527,7/19/2016,7/19/2016,1,4,1
41,46,2,1,3,2,4,.724413289404771,7/19/2016,7/19/2016,1,1,1
46,70,2,2,4,1,4,.93820805476927,7/19/2016,7/19/2016,1,5,1
48,78,2,2,1,1,4,1.14495060820977,7/19/2016,7/19/2016,1,5,1
59,40,2,1,2,1,4,.700020870304982,7/19/2016,7/19/2016,1,1,1
62,74,2,2,1,2,4,1.31691635871651,7/19/2016,7/19/2016,1,3,1
67,34,2,2,4,1,4,.849549558036837,7/19/2016,7/19/2016,1,5,1
74,40,2,2,4,1,4,.701855102175356,7/19/2016,7/19/2016,1,4,3
78,40,1,1,7,2,4,.898140551947241,7/19/2016,7/19/2016,1,1,1
81,66,2,2,4,1,4,.858419235287684,7/19/2016,7/19/2016,1,5,1
82,68,1,1,7,2,4,.474470005155138,7/19/2016,7/19/2016,1,4,1
83,64,1,2,4,2,4,.745101061929216,7/19/2016,7/19/2016,1,3,1
86,35,1,1,7,1,4,.580545386578463,7/19/2016,7/19/2016,1,1,1
91,48,1,2,5,2,4,.966040569234988,7/20/2016,7/20/2016,1,1,1
99,31,2,2,7,1,4,.665396678857624,7/19/2016,7/19/2016,1,3,1
100,32,2,1,2,1,4,.700020870304982,7/19/2016,7/19/2016,1,2,1
101,36,2,2,7,2,4,.615548109761947,7/19/2016,7/19/2016,1,4,2
102,51,2,2,1,2,4,1.42481224821269,7/19/2016,7/19/2016,1,5,2
104,51,2,2,1,1,4,1.2387572220348,7/19/2016,7/19/2016,1,5,1
108,68,1,1,1,1,4,.637968127452081,7/19/2016,7/19/2016,1,2,1
116,44,1,2,1,1,4,1.28956269682628,7/19/2016,7/19/2016,1,4,1
117,40,2,2,1,1,4,.856515164228077,7/19/2016,7/19/2016,1,4,1
118,48,1,1,2,1,4,1.03308808328846,7/19/2016,7/19/2016,1,2,1
126,67,1,2,1,1,4,1.3275149884073,7/19/2016,7/19/2016,1,4,1
133,59,1,1,2,1,4,1.17159912944231,7/19/2016,7/19/2016,1,1,1
134,40,2,1,2,2,4,.679073870586812,7/19/2016,7/19/2016,1,2,1
139,38,1,2,7,1,4,.730079754778308,7/19/2016,7/19/2016,1,3,2
140,77,1,2,1,2,4,1.10231059797101,7/19/2016,7/19/2016,1,4,1
142,68,2,2,1,1,4,1.04757960725813,7/19/2016,7/19/2016,1,4,1
147,66,2,1,2,2,4,.74994162393557,7/19/2016,7/19/2016,1,3,1
150,41,1,3,7,2,4,2.33396518064913,7/20/2016,7/20/2016,1,3,3
162,37,2,2,2,1,4,.962154536913225,7/19/2016,7/19/2016,1,2,4
165,31,2,2,2,1,4,.929741030455503,7/19/2016,7/19/2016,1,4,1
187,49,1,3,7,2,4,1.17403438472537,7/19/2016,7/19/2016,1,3,5
188,56,1,2,6,1,4,.709798380853478,7/19/2016,7/19/2016,1,5,1
190,56,2,2,4,2,4,.681031506818198,7/19/2016,7/19/2016,1,5,1
195,32,2,2,2,2,4,.842770496396646,7/19/2016,7/19/2016,1,3,1
196,50,1,3,7,1,4,2.19162111339606,7/19/2016,7/19/2016,1,4,2
198,39,2,1,2,1,4,.676438243887229,7/19/2016,7/19/2016,1,1,1
212,34,1,2,7,2,4,.698931338167607,7/19/2016,7/19/2016,1,3,1
217,65,2,2,2,2,4,1.35353113959301,7/19/2016,7/19/2016,1,3,1
221,40,1,1,4,1,4,.927063788997804,7/19/2016,7/19/2016,1,3,1
222,68,2,1,7,1,4,.979727025240367,7/19/2016,7/19/2016,1,3,2
229,51,2,2,2,2,4,.937811139719516,7/19/2016,7/19/2016,1,2,1
232,62,1,2,4,1,4,.850649578098958,7/19/2016,7/19/2016,1,4,1
233,48,2,2,1,2,4,.819972456401779,7/19/2016,7/19/2016,1,1,4
239,45,1,1,2,1,4,1.05394608180549,7/19/2016,7/19/2016,1,4,1
240,52,2,2,7,1,4,1.02104003490337,7/19/2016,7/19/2016,1,4,1
244,44,1,3,7,2,4,2.43896266636344,7/20/2016,7/20/2016,1,3,1
245,74,2,2,4,2,4,.821795291407061,7/19/2016,7/19/2016,1,4,1
247,64,2,1,4,1,4,.940212465691983,7/19/2016,7/19/2016,1,3,2
257,53,1,1,2,1,4,.829551223411816,7/19/2016,7/19/2016,1,1,1
262,53,1,1,2,1,4,1.17159912944231,7/19/2016,7/19/2016,1,2,1
270,69,2,2,4,2,4,.821795291407061,7/19/2016,7/19/2016,1,5,1
275,55,1,2,4,2,4,1.14274822328729,7/19/2016,7/19/2016,1,2,1
277,30,2,1,2,1,4,.747393695313706,7/19/2016,7/19/2016,1,1,1
278,39,1,2,7,2,4,.698931338167607,7/19/2016,7/19/2016,1,4,1
280,66,2,2,4,2,4,1.24414287218418,7/19/2016,7/19/2016,1,3,2
287,44,1,1,1,2,4,.859531992341928,7/19/2016,7/19/2016,1,1,1
288,54,1,1,1,2,4,.998466440920229,7/19/2016,7/19/2016,1,2,2
303,58,2,2,2,2,4,1.08135603618112,7/19/2016,7/19/2016,1,4,1
304,47,2,2,5,2,4,.737943642217261,7/19/2016,7/19/2016,1,3,1
307,69,1,1,2,1,4,.690884833868944,7/19/2016,7/19/2016,1,1,1
316,73,1,2,1,1,4,.958368526011055,7/19/2016,7/19/2016,1,4,1
324,55,2,1,1,1,4,1.04981768227414,7/19/2016,7/19/2016,1,2,1
327,44,2,2,7,2,4,.931898492549807,7/19/2016,7/19/2016,1,3,5
328,43,2,2,7,2,4,.637007927041424,7/19/2016,7/19/2016,1,3,1
337,64,1,1,1,1,4,.755273839149695,7/19/2016,7/19/2016,1,2,1
338,46,1,1,2,1,4,.945230301459513,7/19/2016,7/19/2016,1,1,1
351,26,1,2,2,1,4,2.00659223912094,7/19/2016,7/19/2016,1,3,3
357,70,1,2,4,2,4,.903267507312818,7/19/2016,7/19/2016,1,5,1
383,72,1,2,4,1,4,.757080131648789,7/19/2016,7/19/2016,1,1,1
386,64,2,2,7,2,4,.645654781777184,7/19/2016,7/19/2016,1,4,1
387,47,2,2,4,2,4,.671910873507432,7/19/2016,7/19/2016,1,2,1
390,60,2,1,2,1,4,.684011533416341,7/19/2016,7/19/2016,1,2,1
401,50,2,2,7,2,4,1.07314277921449,7/19/2016,7/19/2016,1,4,1
409,56,1,2,4,2,4,.718310283252705,7/19/2016,7/19/2016,1,5,1
413,51,1,3,7,2,4,1.55812251023407,7/19/2016,7/19/2016,1,3,2
420,50,2,2,4,2,4,.747683390398819,7/19/2016,7/19/2016,1,4,5
423,71,1,2,4,1,4,.785316907204251,7/19/2016,7/19/2016,1,2,1
424,59,2,2,1,2,4,1.09134420884142,7/19/2016,7/19/2016,1,3,1
428,65,2,1,1,1,4,.762172354078627,7/19/2016,7/19/2016,1,2,1
437,38,1,1,3,1,4,1.52655913190729,7/19/2016,7/19/2016,1,1,1
438,47,1,3,2,2,4,2.08920949209328,7/19/2016,7/19/2016,1,3,3
440,46,1,2,4,2,4,1.46559812983085,7/19/2016,7/19/2016,1,3,1
444,74,1,2,7,2,4,.652142653818829,7/19/2016,7/19/2016,1,5,1
446,51,1,2,1,1,4,1.03809783647329,7/19/2016,7/19/2016,1,4,2
448,33,1,1,1,1,4,.969000930786275,7/19/2016,7/19/2016,1,4,1
459,67,2,2,7,2,4,1.17951487794257,7/19/2016,7/19/2016,1,4,1
464,35,1,3,7,1,4,2.54765692727468,7/20/2016,7/20/2016,1,3,1
465,42,2,3,7,2,4,1.07001813890612,7/19/2016,7/19/2016,1,3,5
473,49,2,1,2,1,4,.775269196392012,7/19/2016,7/19/2016,1,1,1
478,43,2,1,2,1,4,.7093373237694,7/19/2016,7/19/2016,1,3,1
481,29,2,1,7,1,4,.585987081660149,7/19/2016,7/19/2016,1,2,1
482,30,1,2,7,2,4,.698931338167607,7/19/2016,7/19/2016,1,2,1
484,59,2,2,1,1,4,.948834151393647,7/19/2016,7/19/2016,1,2,2
486,69,2,2,4,2,4,.821795291407061,7/19/2016,7/19/2016,1,1,1
495,51,1,1,2,1,4,1.17159912944231,7/19/2016,7/19/2016,1,1,1
499,66,2,2,4,1,4,.858419235287684,7/19/2016,7/19/2016,1,5,1
502,62,1,2,7,2,4,1.06943638799823,7/19/2016,7/19/2016,1,3,3
510,67,2,2,7,1,4,.889472088734592,7/19/2016,7/19/2016,1,4,1
513,30,2,1,2,1,4,.775269196392012,7/19/2016,7/19/2016,1,1,1
517,59,2,2,7,2,4,1.07314277921449,7/19/2016,7/19/2016,1,3,2
524,59,1,1,2,1,4,.710255793186017,7/19/2016,7/19/2016,1,2,1
528,31,2,1,2,2,4,.805160440055159,7/19/2016,7/19/2016,1,1,1
534,48,1,1,7,2,4,.916273966322684,7/19/2016,7/19/2016,1,3,1
544,72,1,2,7,2,4,.652142653818829,7/19/2016,7/19/2016,1,2,1
545,49,2,1,1,2,4,.59657550895928,7/19/2016,7/19/2016,1,1,1
548,62,1,2,1,1,4,1.62519666913466,7/19/2016,7/19/2016,1,4,1
549,49,2,1,3,1,4,.746758848004879,7/19/2016,7/19/2016,1,1,1
551,56,2,2,2,2,4,1.51904555278145,7/19/2016,7/19/2016,1,3,3
554,46,1,2,4,2,4,1.01162388508094,7/19/2016,7/19/2016,1,2,1
559,69,1,2,7,2,4,1.29645116585346,7/19/2016,7/19/2016,1,1,1
580,52,2,1,2,1,4,.960871945152092,7/19/2016,7/19/2016,1,1,1
585,41,2,3,7,2,4,1.03397087360237,7/19/2016,7/19/2016,1,3,1
589,22,1,2,5,1,4,.942266585302525,7/19/2016,7/19/2016,1,1,1
592,49,1,2,4,1,4,1.15492713003364,7/19/2016,7/19/2016,1,5,1
600,55,2,4,2,2,4,2.06856246139903,7/19/2016,7/19/2016,1,3,3
609,61,1,2,7,2,4,.825043359744408,7/19/2016,7/19/2016,1,3,2
615,36,1,2,1,2,4,1.18139707133809,7/19/2016,7/19/2016,1,3,2
621,33,1,3,7,1,4,1.22635613671118,7/19/2016,7/20/2016,1,3,5
623,49,1,1,2,1,4,.99594247230106,7/19/2016,7/19/2016,1,1,1
626,22,1,2,4,1,4,1.09407834781356,7/20/2016,7/20/2016,1,5,1
630,65,1,1,2,1,4,.690884833868944,7/19/2016,7/19/2016,1,1,1
631,71,2,1,3,1,4,.835665821134067,7/19/2016,7/19/2016,1,2,2
643,57,2,1,1,1,4,.631621271356533,7/19/2016,7/19/2016,1,2,2
644,43,1,3,7,2,4,1.54165702239505,7/19/2016,7/19/2016,1,3,3
645,56,2,2,1,2,4,1.15507232466858,7/19/2016,7/19/2016,1,3,1
647,29,1,3,7,2,4,1.54165702239505,7/19/2016,7/19/2016,1,3,5
648,66,1,2,4,1,4,.71853053863042,7/19/2016,7/19/2016,1,3,1
654,62,2,1,2,1,4,.684011533416341,7/19/2016,7/19/2016,1,1,1
658,58,2,2,5,1,4,.675991036048617,7/19/2016,7/19/2016,1,4,1
660,51,2,1,1,1,4,.631621271356533,7/19/2016,7/19/2016,1,3,1
665,67,2,2,1,2,4,1.31691635871651,7/19/2016,7/19/2016,1,3,1
668,69,1,2,1,1,4,.876865182557523,7/19/2016,7/19/2016,1,4,1
669,61,2,2,2,2,4,.90409129691116,7/19/2016,7/19/2016,1,4,1
677,31,1,3,7,1,4,1.85662081810685,7/19/2016,7/19/2016,1,3,3
678,32,1,2,7,2,4,1.4519740327205,7/19/2016,7/19/2016,1,1,1
681,46,2,3,2,2,4,1.79630360177599,7/19/2016,7/19/2016,1,3,3
684,56,1,1,5,1,4,.739722930650391,7/19/2016,7/19/2016,1,2,1
689,62,2,2,4,2,4,1.03103595725157,7/19/2016,7/19/2016,1,3,1
690,36,2,1,7,2,4,.58807823606795,7/19/2016,7/19/2016,1,3,1
692,69,2,2,1,2,4,1.31691635871651,7/19/2016,7/19/2016,1,5,1
696,28,2,2,4,2,4,.671910873507432,7/19/2016,7/19/2016,1,4,1
697,69,1,2,1,1,4,.923909523893386,7/19/2016,7/19/2016,1,4,1
698,40,2,1,2,1,4,.775269196392012,7/19/2016,7/19/2016,1,3,2
726,62,1,2,4,1,4,1.28385279235417,7/19/2016,7/19/2016,1,4,1
729,53,2,2,4,2,4,.981803739594994,7/19/2016,7/19/2016,1,5,1
732,25,1,1,2,1,4,.911243696019485,7/19/2016,7/19/2016,1,1,1
735,46,1,1,4,1,4,.560277644580682,7/19/2016,7/19/2016,1,3,1
739,68,1,2,2,1,4,.949597370006889,7/19/2016,7/19/2016,1,3,2
741,59,1,2,7,2,4,.825043359744408,7/19/2016,7/19/2016,1,2,1
744,58,2,2,1,1,4,.948834151393647,7/19/2016,7/19/2016,1,5,1
748,68,2,2,1,1,4,1.04757960725813,7/19/2016,7/19/2016,1,5,1
751,45,1,2,7,2,4,.959074275159608,7/19/2016,7/19/2016,1,2,1
754,56,1,2,7,2,4,.706396192724576,7/19/2016,7/19/2016,1,4,1
755,61,2,1,1,1,4,.631621271356533,7/19/2016,7/19/2016,1,3,1
759,69,2,2,1,2,4,1.0028852491059,7/19/2016,7/19/2016,1,5,1
765,47,2,2,7,2,4,.637007927041424,7/19/2016,7/19/2016,1,3,3
768,54,1,2,1,1,4,1.00077209530535,7/19/2016,7/19/2016,1,1,1
770,68,1,3,7,2,4,2.17772213622544,7/20/2016,7/20/2016,1,2,1
777,83,2,2,1,1,4,1.58596516072043,7/20/2016,7/20/2016,1,3,1
791,55,2,1,2,1,4,.960871945152092,7/19/2016,7/19/2016,1,2,1
792,39,1,2,2,2,4,1.24375742739663,7/19/2016,7/19/2016,1,2,5
808,63,1,1,2,2,4,.679953154054434,7/19/2016,7/19/2016,1,2,1
810,66,2,2,1,1,4,1.04757960725813,7/19/2016,7/19/2016,1,3,1
811,62,1,1,3,1,4,.798326951953868,7/19/2016,7/19/2016,1,1,1
813,45,2,3,7,2,4,1.56536245204797,7/19/2016,7/19/2016,1,1,1
820,33,2,2,7,2,4,.808293247951579,7/19/2016,7/19/2016,1,3,1
821,40,2,1,7,2,4,.58807823606795,7/19/2016,7/19/2016,1,3,2
824,19,1,1,2,1,4,.998417612575041,7/20/2016,7/20/2016,1,2,1
828,45,2,2,2,2,4,1.67541685274258,7/19/2016,7/19/2016,1,1,1
831,57,2,2,3,2,4,1.81153948069679,7/19/2016,7/19/2016,1,4,2
833,56,1,2,7,2,4,.706396192724576,7/19/2016,7/19/2016,1,3,1
845,45,1,1,5,1,4,.65226998329531,7/19/2016,7/19/2016,1,2,1
846,36,2,3,1,1,4,2.38060687332256,7/19/2016,7/19/2016,1,3,5
852,35,1,1,5,1,4,.628817029524783,7/19/2016,7/19/2016,1,1,1
853,67,1,1,3,1,4,.73701282994497,7/19/2016,7/19/2016,1,1,1
865,22,1,1,5,1,4,.688972664619935,7/20/2016,7/20/2016,1,1,1
868,18,1,1,7,2,4,.722456919251739,7/20/2016,7/20/2016,1,2,1
869,54,1,2,7,2,4,.825043359744408,7/19/2016,7/19/2016,1,3,1
877,29,1,1,7,2,4,.508511371985185,7/19/2016,7/19/2016,1,5,4
883,55,2,1,1,2,4,.794013532718364,7/19/2016,7/19/2016,1,2,1
890,61,2,1,3,1,4,.988170315616307,7/19/2016,7/19/2016,1,2,1
894,61,2,2,2,2,4,.854210407500691,7/19/2016,7/19/2016,1,5,1
895,53,1,1,1,2,4,1.01462207236089,7/19/2016,7/19/2016,1,2,2
897,52,2,1,1,1,4,.693437423801794,7/19/2016,7/19/2016,1,3,1
901,46,1,2,1,1,4,1.02712771879005,7/19/2016,7/19/2016,1,3,1
902,33,2,2,4,1,4,.777300597923686,7/19/2016,7/19/2016,1,3,1
904,56,1,1,1,1,4,.69104244856981,7/19/2016,7/19/2016,1,4,1
907,64,2,2,1,1,4,.836926834228168,7/19/2016,7/19/2016,1,5,1
909,24,2,1,1,2,4,1.10282702374636,7/19/2016,7/19/2016,1,3,1
914,63,1,1,3,2,4,.952478827230049,7/19/2016,7/19/2016,1,3,2
915,28,2,2,1,2,4,.819972456401779,7/19/2016,7/19/2016,1,3,1
917,69,1,2,2,2,4,1.13295860438039,7/19/2016,7/19/2016,1,4,1
921,58,1,2,2,2,4,1.05229658593572,7/19/2016,7/19/2016,1,2,1
924,30,2,1,2,1,4,.7093373237694,7/19/2016,7/19/2016,1,3,1
927,76,1,2,1,2,4,.839454253355667,7/19/2016,7/19/2016,1,1,1
931,50,2,2,4,1,4,.777504144802887,7/19/2016,7/19/2016,1,3,1
933,63,1,2,1,1,4,.949814005975836,7/19/2016,7/19/2016,1,2,1
935,59,1,2,4,1,4,1.28385279235417,7/19/2016,7/19/2016,1,5,1
936,45,2,2,7,2,4,1.22370168530867,7/19/2016,7/19/2016,1,3,1
937,64,1,1,2,1,4,.874057142549742,7/19/2016,7/19/2016,1,1,1
940,38,2,1,1,1,4,.623162358737002,7/19/2016,7/19/2016,1,2,2
947,46,1,1,2,2,4,1.39762124049044,7/19/2016,7/19/2016,1,1,1
950,31,2,2,4,2,4,.671910873507432,7/19/2016,7/19/2016,1,2,1
953,40,1,2,7,2,4,.959074275159608,7/19/2016,7/19/2016,1,1,2
956,29,2,1,2,1,4,.676438243887229,7/19/2016,7/19/2016,1,1,1
958,54,2,2,4,2,4,1.13194243206538,7/19/2016,7/19/2016,1,3,1
962,60,1,1,7,2,4,.778074376143439,7/19/2016,7/19/2016,1,3,1
968,21,2,1,1,1,4,.881138267762403,7/19/2016,7/19/2016,1,1,1
971,19,2,4,7,1,4,1.4916331288514,7/19/2016,7/19/2016,1,2,2
982,37,2,1,2,2,4,.805160440055159,7/19/2016,7/19/2016,1,3,3
984,52,2,2,2,2,4,.90409129691116,7/19/2016,7/19/2016,1,3,2
986,29,2,1,3,1,4,.660233909341285,7/19/2016,7/19/2016,1,2,1
990,62,1,1,7,1,4,.81024215941904,7/19/2016,7/19/2016,1,3,1
995,19,2,1,2,1,4,1.18400422137714,7/19/2016,7/19/2016,1,3,1
997,40,2,3,7,2,4,1.07001813890612,7/19/2016,7/19/2016,1,4,1
1007,33,1,1,7,1,4,.780859440619354,7/19/2016,7/19/2016,1,1,1
1009,66,2,1,2,1,4,.825391265752012,7/19/2016,7/19/2016,1,1,1
1013,41,2,3,4,2,4,1.48205704909732,7/19/2016,7/19/2016,1,3,3
1020,57,2,2,4,1,4,.777504144802887,7/19/2016,7/19/2016,1,3,1
1033,25,2,1,2,1,4,.775269196392012,7/19/2016,7/19/2016,1,3,1
1035,116,1,1,3,1,4,.73701282994497,7/19/2016,7/19/2016,1,1,1
1037,43,1,2,2,2,4,.924696045071951,7/19/2016,7/19/2016,1,5,1
1049,32,2,2,2,2,4,1.23291488507083,7/19/2016,7/19/2016,1,4,1
1051,53,2,1,2,2,4,.62148552019574,7/19/2016,7/19/2016,1,2,1
1052,39,1,3,7,1,4,2.49723781634638,7/19/2016,7/19/2016,1,2,5
1059,21,2,1,2,1,4,.782071831047533,7/19/2016,7/19/2016,1,1,1
1061,26,1,2,4,1,4,.998552093672717,7/19/2016,7/19/2016,1,3,5
1066,28,2,2,7,2,4,.931898492549807,7/19/2016,7/19/2016,1,3,4
1070,59,1,1,3,1,4,.884937495772314,7/19/2016,7/19/2016,1,3,1
1073,39,2,1,2,1,4,.775269196392012,7/19/2016,7/19/2016,1,3,1
1075,67,2,3,7,2,4,1.98129765883763,7/20/2016,7/20/2016,1,3,3
1076,62,2,1,2,1,4,.926322930348132,7/19/2016,7/19/2016,1,1,1
1077,39,2,1,3,1,4,.827031245138646,7/19/2016,7/19/2016,1,2,1
1087,48,1,1,2,1,4,.99594247230106,7/19/2016,7/19/2016,1,1,1
1090,57,2,1,2,1,4,.960871945152092,7/19/2016,7/19/2016,1,2,2
1091,55,1,2,1,1,4,.915662589318257,7/19/2016,7/19/2016,1,3,1
1093,54,1,1,1,2,4,.998466440920229,7/19/2016,7/19/2016,1,2,1
1103,25,1,1,3,1,4,.819351123852828,7/19/2016,7/19/2016,1,3,3
1108,24,1,1,2,1,4,1.09121907761944,7/20/2016,7/20/2016,1,3,2
1111,70,2,1,1,2,4,.958129801585859,7/19/2016,7/19/2016,1,1,2
1112,23,1,1,5,1,4,.711120248778287,7/19/2016,7/19/2016,1,1,1
1122,39,1,1,2,2,4,.872366028077428,7/19/2016,7/19/2016,1,2,1
1131,57,2,1,3,1,4,.988170315616307,7/19/2016,7/19/2016,1,1,1
1137,53,1,1,7,2,4,.674872069939812,7/19/2016,7/19/2016,1,1,1
1139,24,1,2,4,1,4,1.09407834781356,7/20/2016,7/20/2016,1,4,2
1142,51,2,2,1,2,4,1.12552148453896,7/19/2016,7/19/2016,1,3,1
1145,54,1,3,7,2,4,1.38587185941432,7/19/2016,7/19/2016,1,3,3
1147,43,2,1,2,2,4,.897014063487278,7/19/2016,7/19/2016,1,3,1
1149,36,2,1,2,1,4,.747393695313706,7/19/2016,7/19/2016,1,1,1
1150,50,2,2,1,2,4,.831102903005106,7/19/2016,7/19/2016,1,4,1
1153,45,2,2,1,2,4,1.0767285115572,7/19/2016,7/19/2016,1,4,1
1167,24,2,2,2,2,4,1.35129958792972,7/19/2016,7/19/2016,1,4,1
1170,75,1,1,1,1,4,.615029409768626,7/19/2016,7/19/2016,1,3,2
1171,49,2,1,2,1,4,.700020870304982,7/19/2016,7/19/2016,1,3,1
1173,69,2,2,7,2,4,.779106479255131,7/19/2016,7/19/2016,1,3,3
1176,58,2,2,4,1,4,.822905837316288,7/19/2016,7/19/2016,1,5,1
1179,48,1,1,1,1,4,1.0051417045985,7/19/2016,7/19/2016,1,4,1
1182,25,2,1,2,1,4,.7093373237694,7/19/2016,7/19/2016,1,2,1
1183,26,1,1,5,1,4,.484943012669926,7/19/2016,7/19/2016,1,1,1
1184,30,1,2,3,1,4,1.08567740401567,7/19/2016,7/19/2016,1,3,1
1185,46,2,1,7,2,4,.447845441640324,7/19/2016,7/19/2016,1,3,1
1198,49,1,1,2,1,4,.945230301459513,7/19/2016,7/19/2016,1,2,1
1204,28,2,1,2,2,4,.891710681506176,7/19/2016,7/19/2016,1,3,1
1207,30,2,1,2,1,4,.775269196392012,7/19/2016,7/19/2016,1,4,1
1208,69,1,1,2,1,4,.690884833868944,7/19/2016,7/19/2016,1,3,1
1219,21,2,1,4,1,4,.623517991424071,7/19/2016,7/19/2016,1,1,1
1227,49,1,2,1,1,4,1.02712771879005,7/19/2016,7/19/2016,1,4,1
1234,61,1,1,5,1,4,.572443944932722,7/19/2016,7/19/2016,1,2,1
1235,33,1,2,1,1,4,1.55500237530864,7/19/2016,7/19/2016,1,3,1
1237,67,2,2,1,2,4,1.51830090454451,7/19/2016,7/19/2016,1,3,1
1239,44,1,1,7,2,4,1.0563917614587,7/19/2016,7/19/2016,1,3,1
1242,48,2,1,2,2,4,.679073870586812,7/19/2016,7/19/2016,1,2,1
1247,57,2,2,1,2,4,.912442126491869,7/19/2016,7/19/2016,1,2,1
1250,51,1,2,2,2,4,1.0915440331645,7/19/2016,7/19/2016,1,3,1
1260,70,1,3,1,1,4,1.41995973829816,7/19/2016,7/19/2016,1,2,1
1267,46,2,2,2,1,4,.927559405369187,7/19/2016,7/19/2016,1,4,1
1275,64,1,1,2,1,4,1.17159912944231,7/19/2016,7/19/2016,1,1,1
1278,48,2,2,7,1,4,.665396678857624,7/19/2016,7/19/2016,1,3,3
1281,18,1,1,7,1,4,.754653771610847,7/19/2016,7/19/2016,1,2,1
1282,42,1,2,1,2,4,1.18139707133809,7/19/2016,7/19/2016,1,3,2
1283,22,2,1,2,1,4,.854764270340523,7/19/2016,7/19/2016,1,2,1
1284,59,2,3,2,2,4,1.57529425894075,7/19/2016,7/19/2016,1,3,2
1286,41,2,1,1,1,4,.623162358737002,7/19/2016,7/19/2016,1,3,1
1290,24,1,1,2,1,4,1.08580016988294,7/19/2016,7/19/2016,1,1,1
1294,37,2,2,2,2,4,.842770496396646,7/19/2016,7/19/2016,1,3,1
1297,55,1,2,7,1,4,.806461907000953,7/19/2016,7/19/2016,1,3,1
1300,67,2,2,4,1,4,.827553999792372,7/19/2016,7/19/2016,1,4,1
1301,52,2,1,1,1,4,.693437423801794,7/19/2016,7/19/2016,1,2,1
1302,64,2,2,3,2,4,1.19657850293438,7/19/2016,7/19/2016,1,3,4
1303,45,2,2,5,2,4,1.1561458840916,7/19/2016,7/19/2016,1,4,1
1304,70,1,2,4,2,4,.903267507312818,7/19/2016,7/19/2016,1,5,1
1305,61,2,2,4,2,4,1.39628091421996,7/19/2016,7/19/2016,1,5,1
1306,25,2,1,7,1,4,.585987081660149,7/19/2016,7/19/2016,1,3,1
1308,74,1,1,2,1,4,.690884833868944,7/19/2016,7/19/2016,1,1,1
1311,60,2,1,7,1,4,.536292886602806,7/19/2016,7/19/2016,1,2,1
1314,37,1,1,7,1,4,.728876906591596,7/19/2016,7/19/2016,1,3,5
1319,48,1,1,7,1,4,.580545386578463,7/19/2016,7/19/2016,1,2,1
1321,21,2,1,3,2,4,.769975917227543,7/19/2016,7/19/2016,1,1,1
1325,47,2,3,7,2,4,1.40507041309575,7/19/2016,7/19/2016,1,3,1
1329,18,2,1,7,1,4,.646073418904343,7/19/2016,7/19/2016,1,2,1
1330,37,2,1,2,1,4,.617459068075781,7/19/2016,7/19/2016,1,2,1
1332,60,1,1,2,1,4,1.17159912944231,7/19/2016,7/19/2016,1,3,1
1335,61,2,1,2,1,4,.709523073528166,7/19/2016,7/19/2016,1,3,1
1347,65,2,3,1,1,4,1.85408635025968,7/19/2016,7/19/2016,1,3,5
1354,60,2,1,2,1,4,.960871945152092,7/19/2016,7/19/2016,1,2,1
1364,29,2,2,2,2,4,1.22562556949389,7/19/2016,7/19/2016,1,3,3
1366,56,1,1,2,1,4,.874057142549742,7/19/2016,7/19/2016,1,2,1
1368,18,2,1,7,1,4,.646073418904343,7/19/2016,7/19/2016,1,3,2
1372,24,2,1,1,2,4,.956550143689684,7/19/2016,7/19/2016,1,2,1
1375,51,1,1,2,1,4,1.17159912944231,7/19/2016,7/19/2016,1,1,1
1376,35,1,1,5,2,4,.58770415949303,7/19/2016,7/19/2016,1,4,1
1379,35,2,3,2,1,4,1.61618523604498,7/19/2016,7/19/2016,1,3,5
1387,26,1,1,5,1,4,.484943012669926,7/19/2016,7/19/2016,1,1,1
1391,45,1,1,1,2,4,.65456849294093,7/19/2016,7/19/2016,1,2,1
1395,37,1,2,7,1,4,1.0346741777888,7/19/2016,7/19/2016,1,5,1
1396,58,2,2,2,2,4,.937811139719516,7/19/2016,7/19/2016,1,4,1
1400,59,2,2,1,2,4,.831102903005106,7/19/2016,7/19/2016,1,4,1
1401,27,2,1,2,1,4,.7093373237694,7/19/2016,7/19/2016,1,4,1
1402,28,2,3,7,2,4,1.61993559046618,7/19/2016,7/19/2016,1,3,3
1404,29,1,1,2,1,4,.99594247230106,7/19/2016,7/19/2016,1,2,1
1408,32,1,1,7,1,4,.752782937283106,7/19/2016,7/19/2016,1,1,1
1412,62,2,1,2,2,4,.81138487205772,7/19/2016,7/19/2016,1,1,1
1413,71,2,1,1,1,4,.803063356589929,7/19/2016,7/19/2016,1,2,1
1418,35,1,1,2,1,4,.677482138594902,7/19/2016,7/19/2016,1,1,1
1419,48,2,3,7,1,4,1.69212927516578,7/19/2016,7/19/2016,1,3,1
1420,44,1,2,2,2,4,.924696045071951,7/19/2016,7/19/2016,1,4,1
1422,55,2,2,7,1,4,.740434579085406,7/19/2016,7/19/2016,1,3,1
1436,56,2,2,1,2,4,1.09134420884142,7/19/2016,7/19/2016,1,3,1
1439,26,1,1,2,1,4,.99594247230106,7/19/2016,7/19/2016,1,2,1
1442,38,1,3,7,2,4,2.03939990956162,7/19/2016,7/19/2016,1,5,5
1445,46,2,2,3,1,4,.939105760262982,7/19/2016,7/19/2016,1,4,1
1447,49,1,2,7,2,4,.959074275159608,7/19/2016,7/19/2016,1,3,1
1449,18,2,1,7,1,4,.646073418904343,7/19/2016,7/19/2016,1,3,2
1453,22,2,2,2,1,4,1.0749307518597,7/19/2016,7/19/2016,1,3,1
1457,20,2,1,5,2,4,.678433927545649,7/19/2016,7/19/2016,1,1,1
1461,35,2,3,7,1,4,1.1177043263062,7/19/2016,7/19/2016,1,3,2
1466,40,1,1,1,1,4,.683739844982199,7/19/2016,7/19/2016,1,1,1
1471,62,2,2,7,2,4,.847827151674587,7/19/2016,7/19/2016,1,3,3
1473,73,2,1,4,2,4,.597901722678454,7/19/2016,7/19/2016,1,3,1
1479,33,1,2,1,2,4,1.58903175807035,7/19/2016,7/19/2016,1,3,1
1480,57,1,2,2,1,4,1.09919299859719,7/19/2016,7/19/2016,1,5,1
1481,69,2,2,7,2,4,.779106479255131,7/19/2016,7/19/2016,1,3,1
1486,19,1,1,7,1,4,.754653771610847,7/19/2016,7/19/2016,1,3,1
1493,38,1,1,2,1,4,.768069756839459,7/19/2016,7/19/2016,1,2,1
1497,26,2,2,7,2,4,.637007927041424,7/19/2016,7/19/2016,1,3,1
1499,57,1,1,6,2,4,.469211610918375,7/19/2016,7/19/2016,1,5,1
1502,26,1,2,7,2,4,.940093826202738,7/19/2016,7/19/2016,1,2,4
1504,52,2,1,1,1,4,.693437423801794,7/19/2016,7/19/2016,1,5,1
1518,18,1,1,7,1,4,.824797742154536,7/19/2016,7/19/2016,1,4,1
1522,65,1,1,2,1,4,.690884833868944,7/19/2016,7/19/2016,1,1,1
1525,31,1,2,1,2,4,.899681812242514,7/19/2016,7/19/2016,1,5,1
1530,33,1,2,1,1,4,.939776829269894,7/19/2016,7/19/2016,1,5,1
1539,57,1,1,2,1,4,1.11194273676652,7/19/2016,7/19/2016,1,1,1
1543,54,1,1,2,1,4,1.17159912944231,7/19/2016,7/19/2016,1,1,1
1547,71,1,1,2,2,4,.794652217473173,7/19/2016,7/19/2016,1,2,1
1557,19,2,1,2,1,4,.753951735123258,7/19/2016,7/19/2016,1,1,1
1561,26,2,1,2,1,4,.7093373237694,7/19/2016,7/19/2016,1,1,1
1564,29,2,1,7,2,4,.447845441640324,7/19/2016,7/19/2016,1,4,1
1565,38,1,1,7,1,4,1.18216874370369,7/19/2016,7/19/2016,1,2,1
1570,23,2,2,7,2,4,.777821975109786,7/19/2016,7/19/2016,1,3,1
1571,20,2,1,5,1,4,.53968009635899,7/19/2016,7/19/2016,1,2,1
1573,40,1,1,2,1,4,.677482138594902,7/19/2016,7/19/2016,1,2,1
1577,21,1,1,7,2,4,.74568088188709,7/19/2016,7/19/2016,1,3,1
1582,21,1,1,5,1,4,.685551280794164,7/19/2016,7/19/2016,1,1,1
1583,38,1,2,2,1,4,1.29918644079983,7/19/2016,7/19/2016,1,4,4
1584,30,1,2,1,1,4,.939776829269894,7/19/2016,7/19/2016,1,4,1
1586,23,1,1,7,1,4,.754653771610847,7/19/2016,7/19/2016,1,2,1
1587,45,2,4,2,1,4,1.55807384260928,7/19/2016,7/19/2016,1,2,2
1598,47,2,1,2,2,4,.592505852969782,7/19/2016,7/19/2016,1,4,1
1599,25,1,1,7,1,4,.531173575267412,7/19/2016,7/19/2016,1,1,1
1601,21,1,1,2,1,4,.998417612575041,7/20/2016,7/20/2016,1,1,1
1604,18,2,1,7,1,4,.591128851832291,7/19/2016,7/19/2016,1,5,1
1606,20,2,1,2,1,4,.854764270340523,7/19/2016,7/20/2016,1,1,1
1608,18,2,3,7,2,4,1.97803111552975,7/19/2016,7/19/2016,1,3,1
1616,30,2,2,7,2,4,.836472727563634,7/19/2016,7/19/2016,1,1,1
1622,31,2,2,2,1,4,.850672279269092,7/19/2016,7/19/2016,1,3,2
1623,27,1,1,7,1,4,.714452152138558,7/19/2016,7/19/2016,1,1,1
1625,37,2,2,1,2,4,1.0767285115572,7/19/2016,7/19/2016,1,4,1
1630,25,2,1,2,1,4,.7093373237694,7/19/2016,7/19/2016,1,1,1
1633,56,2,4,2,2,4,2.06856246139903,7/19/2016,7/19/2016,1,3,3
1637,31,1,3,7,2,4,2.11546329454137,7/19/2016,7/19/2016,1,1,5
